,title
0,新上房源 精装修 不靠高架 近地铁一号线 诚意出售
1,售后公房，满五唯一，南北通全明户型，小区中间，求知
2,南北通飞机户型，满五唯一精装修 ，一梯二户高得房率
3,高层电梯房、户型正气、精装修、无增值税、诚意出售
4,95年房龄+地铁口+精装修+边套全明+满五唯一+红旗
5,此房满五年 长寿800万以内全明三房，采光无遮挡！诚售
6,双南户型，采光充足；满五唯一，仅有契税；学籍未占用
7,距离地铁站100米， 精装二房，动迁房，满五年唯一
8,满五， 二房朝南一房朝北，交通便利配套齐全近地铁
9,桂子月中落，天香云外飘，双南两房，枫桥路100米
10,一手动迁+满五唯一+得房率高+税费少+带院子
11,坦克户型+近地铁+电梯房+中间楼层+09年商品房
12,诚意出售，婚房装修，近地铁，配套成熟
13,三林前滩金光小区少有双南小2房，动迁税少
14,内环内滨江加隧道，地铁双规交通便利，满五唯一税费少
15,房源是精装修 拎包入住 看房方便 提前约
16,新装修，思南路泰康路，自住舒适，诚意出售
17,稀有3房 2楼 贴近大自然，业主急售，看房随时
18,双南两房，中间楼层，采光好无遮挡，房东诚意出售
19,低楼层不爬楼，南北通，双轨地铁
20,内环内花木+小区央位中间层+精装两房+税费少诚意卖
21,连城新苑品质小区 双轨道交通 安静位置 诚意出售
22,新上飞机户型三房，婚房装修，边套带全明双卫，诚意卖
23,万人之上+冰厂田+好楼层+房龄新+便利近花园+双南户型
24,嘉宝紫提湾(公寓) 3室2厅 450万
25,50万精装不包实木软包电梯八楼景观房北公园南俯视北蔡
26,玫瑰湾满五唯一，精装楼层佳，价可谈诚售，看房方便
27,放慢脚步，在房子里享受温暖，坐等你来！
28,稀有j1户型，南北通，自住精装，高区采光好，近别墅区
29,内环内 临滨江  精装修 电梯  在建14/18号线 出门即到
30,妙栏小区，4楼精装，不靠马路，近地铁
31,位置好 沿河景观房/房东诚意出售 离地铁站近
32,房子自住保养蛮好 满三年  南北通透
33,南北三房+采光通风极好+业主诚意出售的必看好房
34,森兰社区 地铁沿线 南北户型中间楼层位置诚意出售
35,杨思前滩CBD+中环内精装修带地暖+全明户型落地窗花园
36,必看好房！边套全明 精装修 满五唯一 近地铁
37,南北两房 中间楼层 1号线800米 交通方便 随时看房
38,店长主推+中间楼层+户型正气+业主诚售
39,高区视野无遮挡，双南两房，产权清晰，税费少
40,4号10号线旁海伦路站全明三房，满两年 地段好位置佳
41,新出笋盘+双南户型+一梯两户+装修清爽+诚心出售
42,宝仪花苑 3室1厅 528万
43,低调简欧装修，全明户型，采光效果佳，业主诚意出售
44,新凯二期 次顶楼 业主诚售 精心设计改装 方便看房
45,南北两房 中间四楼 产权清晰 看房方便
46,此房满五年，前后无遮挡，到价签字，诚意出售
47,三林版块+户型方正，南北板式两房，小区配套齐全地铁
48,无增值税和个税+ 婚房装修+电梯高层无遮挡
49,诚心出售，南北通风无遮挡，精装修可领包入住
50,交通便利，邻地铁和万达广场，双南，精装修
51,南北通+小户型+总价低+楼层好+采光足+小区中间位置
52,欧式建筑，得房率高，一梯三户，小区品质高
53,边套全明户型，中间楼层，装修好，诚意出售，看房方便
54,房子满五唯一，一南一北户型，采光好，通风好
55,近九号线，公交底站，交通便利，诚心出售
56,浦江世博家园七街坊，近地铁，户型方正，诚心出售
57,动迁满五唯一 精装南北两房 生活便利 交通方便
58,北虹桥+三轨交通+二甲医院+总价低+诚意出售
59,小区中间位置、双南全明户型，13号线和18号线双轨。
60,新上！全明带天井的两房，满五唯一，看房方便
61,13年新小区，近地铁，业主诚意出售，看房方便
62,动迁房满五唯一，装修好，对口适存！
63,绿中海明苑(公寓) 3室2厅 380万
64,田林十二村 2室1厅 410万
65,中山公园满五唯一  南北一梯两户中间楼层   急售
66,近地铁，精装修，采光充足，格局明亮
67,新静安二楼两室一厅，精装修，全明户型，双南双阳台
68,一楼带天井鱼池，满五唯一精装自住大两房
69,此房带露台，双南户型，格局方正，一梯一户
70,总价底 双南 精装 急售 可看可签
71,三江小区 2室1厅 480万
72,近地铁+精装修+低总价+小区中间位置+诚意出售
73,老业主委托，钥匙随时看房，低总低
74,2号线世纪公园近地铁口+双南全明无遮挡
75,房东诚售，三街坊经典南北两房，位置好，楼层好
76,双南两室，楼层好，采光佳，视野开阔，无险恶设施
77,惊现平地一两房、中规中矩带阳台
78,店东推荐+朝南带飘窗+高区视野好+税费少
79,诚意出售，配套齐全，交通便利。
80,东二+全明户型+交通便利+总价低
81,由由七村 边套全明一室一厅 一楼带天井 精装近地铁
82,朝向好，采光好，楼层好，视野开阔，业主诚心出售
83,忍痛出售，精装修，一梯两户 南北户型，中楼层采光好
84,05年房龄，小区环境好，距离地铁近
85,沿河边 飞机户型 中间楼层 满五唯一 精装 随时可看
86,精装小户型，好楼层，业主诚意出售
87,全明户型 南北通风 满五唯一 税费少 温馨自住装修
88,85年原建房 满五唯一 精装修 诚意出售
89,2016次新小区+看房随时+-产权车位+一梯一户
90,恒大小三房，户型正气，配套齐全，你值得拥有
91,中间楼层 满五年不唯一 居家装修 诚意售房 方便看房
92,地铁口，双轨交，低总价，朝南一室户
93,楼层好 位置佳，一梯两户 看房方便
94,省时省心省装修的房子，领包入住！看房方便！
95,房子诚意出售+位置好+满五年不唯一+2号线金科路
96,精装一房，满五唯一，看房方便。位置好，视野佳！
97,2012年次新房，钥匙房，临河位置景观，南北通采光好
98,内环内电梯住宅+免增值税+朝东一室
99,满五唯一，户型正气，电梯大三房税费低
100,次新小区，环境佳，楼层好，采光好，交通便利
101,仁恒滨江大两房   精装修带新风地暖  买进价高税费低
102,总价较低两房，高区楼层，满五年税少，很诚意出售！
103,2号线世纪公园地铁站+业主诚意出售+满五年唯一
104,内环内 次新房 物业管理好 总价低的三房两卫 带地暖
105,户型正气，得房率高，业主诚意出售，您的安居选择
106,94年房龄，中间楼层，朝南采光好，业主诚意出售，
107,楼层佳，南北户型，带大阳台，采光好，业主诚意出售
108,一手动迁，中间楼层，中等装修，南北通风，诚心出售
109,双南、中间楼层、精装修3年、拎包入住
110,2000年商品房，绿地精工社区，全明落地窗，车位充足。
111,证大精装修正气两房，业主诚意出售
112,此房小区位置好，满五年税费少，一梯两户，精装修
113,双南全明户型 中间楼层 满五税少 婚房装修品牌家电
114,黎明花园，中间楼层，房改售房，自住看房方便
115,店长推荐：客厅面宽5.3米，飞机户型得房率高，唯一
116,房型正，精装修，采光好，交通便利。
117,好房 ！主楼高区大三房，位置好楼层好视野好价格好！
118,满五唯一户型方正精致装修近地铁 业主诚售看房方便
119,房东诚意出售，近地铁，出行方便，生活配套齐全
120,南北全明户型，已改好餐厅，布局更合理
121,南北户型，满五唯一。有阁楼，居家装修位置安静 可谈
122,心圆东苑 一手动迁 无增值税 12年电梯房 川中
123,三大商圈，九轨交汇，低总价，电梯产权一室户
124,松林小区 精装两房 业主诚售 看房方便
125,南京西路3轨+临太古汇+顶楼复式+带露台+带产权车位
126,花园小区，小高层中区看江景，通透，采光好，含车位
127,售后公房，满五唯一，厅带明窗，中间楼层，视野开阔。
128,新上好房：全明不暗，垫高不潮，采光不挡，看房不难
129,新德佳苑，全明户型，2房中楼层，中间排
130,新挂牌大三房，景观楼层采光好，精装修，业主诚心出售
131,满五不唯一，房型好，中间采光好，产权清晰，对口建平
132,婚房精装+小区央位+双南卧室+一梯两户+满五唯一+地铁
133,寿祥坊 3室1厅 712万
134,满五唯一，电梯房，精装修，诚意出售，产权清晰
135,此房精装，房东自住，清爽干净，拎包入住
136,此房满五不唯一，配套齐全，房子采光好，看房方便。
137,象屿鼎城 南北通 楼层好采光充足 配套齐全 诚售
138,小区中间，出门地铁46号线  已经满5年，钥匙房随时看
139,花园洋房，超精装修，楼层好，视野佳，税费少。
140,全景采光＋实木全装＋诚意出售两房+户型通透
141,南北两房，花园小区，闹中取静，精装拎包入住
142,东昌2房朝南，采光好，产权清晰，诚意出售，随时签约
143,江景  有阳台  朝东南两房  自住装修 业主诚意
144,新小区，停车方便，双南两房，楼层佳，教育资源丰富
145,金山新城，万达商圈，绿地商品房，精装大两房。
146,精装小三房，房东诚意出售，满五唯一税费少，楼层好。
147,西渡优选房  四室两厅两卫  户型方正  满五唯一
148,鸿宝好房出售，两房朝南，中间楼层，不靠高架，诚意卖
149,满五唯一税费少，南北通户型采光好，有40平大院子
150,自带空中花园+4/8双轨交通+高区视野开阔+滨江金融城
151,徐家汇内环边08年电梯房，地铁3/4/9号线，全明户型
152,近地铁口600米，边套，双阳台，客厅带阳台，中间楼层
153,中虹家园 两房精装  拎包入住 配套齐全。
154,花苑村紫竹园 1室1厅 345万
155,安静不靠路 精装修 地铁350米 满五唯一 全明的2室2厅
156,园西 中间楼层 满二 没有增值税 近地铁
157,双南两房，近地铁菜场，总价低两房。
158,满五+中间楼层+精装修+采光无遮挡+业主诚心出售
159,花园小区，宜居，通透，采光好，得房率高，物业口碑好
160,一手动迁房，2号线华夏东路地铁站
161,精装，户型正气，高区视野广阔，全明户型，满五唯一
162,满五唯一，近地铁，精装修可拧包入住，配套设施齐全
163,拎包入住，中间楼层，一梯三户，采光充足，精装一房
164,2号线华夏东路地铁站，交通方便
165,东昌路地铁口+楼层好双南两房+带租约+产权清晰+诚意！
166,房东诚意急售，价格可谈，梓树园正气三房，采光充足
167,动静分离复式2房+看小区绿化和湖景+诚意售价格可谈
168,附带阁楼，税费少，位置好，价格可谈
169,新出《必卖笋盘》，地铁口，户型正气，静享奢华生活
170,桂平小区边套三房，全明户型，双南双天井
171,中等装修 师大未用 必看好房 中间楼层
172,近地铁 中间楼层 全明户型 满五唯一
173,精装一房，中间楼层，不靠路，产权户口清晰
174,徐姑姑力荐+自住精装+满五年+繁华地段+拎包入住
175,装修满二年，自住保养，买进的，税费少业主置换
176,售后公房，户型方正，全明户型距离世纪大道地铁100米
177,中间楼层精装修，满五唯一税费少，可拎包入住
178,此房是中层 ，客厅朝南小2房，户型合理，居住舒适
179,新上笋盘 近地铁98年大三房 没有增值税 业主诚心出售
180,三林板块+11号线+2009年商品房小区车位配比高南北通
181,中间楼层，花园位置，一梯两户，隐私性更好
182,新装修过看房方便+有车位+看中可谈
183,房龄新  户型方正  双阳台 园西 交通便利
184,满五年唯一，复式房，采光好，户型通透
185,水闸小区 满五唯一，全明户型，63.8平  2室1厅
186,六楼带阁楼  业主置换 有钥匙 随时看房
187,朝南一房，中间楼层，可直接入住，近地铁近医院
188,盛大低总价，看小区绿化景观，钥匙房，业主诚意出售
189,开发商的样板房+进口全新家私丨现诚心速售丨看再谈
190,边套有窗+满五唯一+楼下小花园+近地铁六院+产权清晰
191,此房满五唯一，交通便利，配套齐全
192,顶楼复式，5+1房！约50平米露台！有钥匙！随时看
193,房型方正采光充足诚意出售随时看房 交通便利四轨交汇
194,寿德坊 1室1厅 309万
195,临港自贸区 2楼 南北通透 带储藏室 龙湖天街街旁
196,交通便利+简单装修+看房方便+满五唯一+诚心出售
197,房子是满五年唯一，税少附储藏间，婚房装修。诚心出售
198,宜山路站，港式花园小区，双南户型，采光无遮挡
199,8.9万\平距黄浦江约100米一线江景盘270度赏园景水景
200,满五唯一税费少 钥匙房 看房方便 业主自住装修 诚售
201,一手动迁满五唯一 无个税无增值税 户型正气采光好
202,内环内8号线地铁口 1996年房龄 全明户型 采光明亮
203,双天井，近地铁，随时看房，诚心出售，价格可谈
204,低总价两方 满五唯一 无抵押房东诚意出售
205,东湖路上俯瞰淮海中路洋房景观，一南一北，厅朝南
206,近地铁600米，居家装修，非顶楼，三个阳台，全明户型
207,万科优诗美地 3室2厅 670万
208,免增值税，户型方正，明星楼盘。
209,笋盘 正对世纪公园大平层 8.1万/平 满五唯一 有钥匙
210,歌林大三房—全明户型—两南一北—总价低
211,精装带阁楼三房，附带产权车位，你确定不来看看吗？
212,总价低满五唯一 精装修 上圆西近轨交 诚心卖随时看
213,毫装大四房，全明南北直通，小区钟心花园位置视野好
214,南北通，一手动迁，满五年唯一，简装，可直接出租
215,售后公房税少，非顶层飞机户型，业主诚售看房方便
216,满两年，纯毛坯，户型方正，价位合理，价位便宜
217,永清二村 1室1厅 165万
218,用心选房，南北的两房，距离花园近，业主诚心出售的
219,上钞苑 新上顶楼复式 旖旎风光多难觅 春花秋月揽月明
220,万科品质，精装三房，满五唯一，税费少
221,日式精装修南北通大三房，双楠双阳台啊，诚意出售！
222,静教院 满五看花园 高区采光好 看房方便 业主诚售
223,牡丹逸庭 2室1厅 198万
224,地铁口 外环内  降价11万 小区中间位置  电梯三房
225,品质小区 电梯高区 视野开阔 一梯两户 随时可看
226,苏州河景观社区，市区独享私家20平花园，双南板式户型
227,钥匙房， 0个税，双南户型，南北通，景观楼层
228,静安寺板块 高区 满五年唯一税少 精装修 可以拎包入住
229,高买入价，税低，高区，采光好，精装修
230,惊！！风荷园出罕见，此时不看何时来看？
231,优质三房，近地铁，税费少，全明户型，楼层低
232,满五唯一税费少，精装修，看房方便，两房朝南
233,莘南花苑一村 2室1厅 418万
234,苏州河景观三房  敞亮舒适  总价单价低 且带电梯
235,一手动迁，满三年无增值税，户型正气，
236,居家精装修、双南两房、西边套全明、近锦江乐园站
237,小区中间位置，户型方正，小区环境好，近地铁，
238,明强东校 一梯两户，精装修，户型正气，产权清晰
239,内环二楼电梯房，西南两房 ，视野好，无遮挡
240,满五唯一非顶楼，南北两房，位置不靠马路 诚售
241,正南两房 满五唯一  湖景旁边 精装修  自住 看房方便
242,正气三房 采光好 无遮挡 满五 新上
243,近康健公园   环境优美   总价低   诚意出售
244,满五年唯一税少，南北双阳台，格局正气
245,一梯2户 双南户型 小区位置佳 高区 采光好
246,新上房源 位置好 稀有户型和楼层 精装双南双阳台
247,新出双南户型 一梯两户 采光好 诚心出售 闹中取静
248,花园小区 精装有车位 全明边套 诚意出售
249,店长推荐：ViP精品  南北直通电梯大2房 落地窗 诚售！
250,"南北户型,采光通风好，业主诚心卖好房！！！"
251,南北通电梯大两房，户型正气，离地铁600m
252,明珠未用，户型全明方正，单价低，花园围绕
253,静安区02年电梯大两房，满五唯一，明厨明卫，采光好
254,新城三期 两梯一户 层高3.6M 采光很好 带小露台
255,09年电梯精装商品房，低密度，近地铁，安静舒适。
256,远中新装修全南两房，梦想改造家设计，带地暖有车位
257,满五唯一无个税+精装带地暖+楼栋位置安静+户型通透
258,浦西标杆新天地HZ+有产权车位，中区4+1板式南北通
259,金地格林郡 2室2厅 308万
260,附8㎡已搭好天井（满五年唯一低总价）、朝南位置安静
261,13号金运路  近万达广场 税费少 看房方便
262,美式精装三房看房方便满五唯一税省下2%中高层有地暖
263,满五唯一，南北两房，楼层好，采光充足，配套齐全
264,动迁房，满五唯一，近地铁，中间楼层，视野无遮挡
265,满五唯一 距离地铁站300米  位置好 急售 价格好谈
266,园西二居 中间楼层 两房朝南 近地铁 诚心出售
267,精装修，总价低，业主诚意出售，楼层好
268,14号线地铁站400米，动迁税少，两房两卫，采光好、
269,新外滩花苑，距离滨江跑道50米，南北通，全明户型
270,优质地段+繁华市区，小户型方正，交通出行快，楼层好
271,宝宸怡景园毛坯两房，近小区出口和中间位置
272,东边套全明户型  双南两房 楼层好 视野宽阔 毛坯房
273,双南小两房+婚房装修+地铁口3.11.12号线+近龙华会
274,04年房龄 罕见南北通正气三房 近地铁 视野开阔
275,此房满五年唯一，南北通透格局好，楼层好，视野开阔
276,南北通大阁楼 两代居住也合适 房间多 精装 满五唯一
277,中山公园双南两房，采光无遮挡。双地铁，楼层好
278,御桥+张江+前滩，南边无遮挡，视野开阔，满五唯一
279,万科品质，精装从未住过人，真边套，带产权车位
280,地铁嘉定北500米，业主诚意出售。
281,一梯两户，南北两房 前方无遮挡阳光充足
282,16号线惠南站，双南房间，全明户型，配套成熟
283,双南夹厅飞机户 南北通透带花园
284,奉贤新城，简单装修，看房方便，随时入住。
285,世茂经典H户型两房 重新装修保养好 诚意出售看房方便
286,板式三房+两南一北+南北通透+带3个阳台+带车位+方便看
287,大华中区，公园旁边，精装两房，
288,地铁口，高区豪.装，小区中间，视野开阔，佳友居委
289,老静安昌平路站三房+遥看东方明珠塔+电梯高区采光好
290,近14号线+一梯两户+全明户型+满五唯一
291,百年不遇户型，客厅朝南带阳台，3开间朝南，次顶楼
292,三林板块+电梯高区+满五年+11号地铁沿线+印象城商场
293,满五唯一.非顶楼.看房方便.诚意出售.内环边.总价低
294,原建1995年+一楼带花园抬高70公分边套全明+采光很不错
295,创世纪花园2000年，高区景观房，边套全明，南北通风
296,精装修， 地中海风格，带40平方阁楼，南北通透
297,中冶锦城 3室2厅 509万
298,满五唯一，带产权车位，精装修可拎包入住，随时可签
299,满五唯一 中间楼层 采光视野好 装修保养好 多10平方
300,Fire~~精装修榻榻米+店长推荐vip好房+大大两房+税费低
301,新凯城玉兰苑 3室2厅 299万
302,绿茵苑(闵行) 2室2厅 430万
303,品质小区非顶楼，改好三房拎包入住
304,动迁，满五唯一，好楼层，西南北朝向，全明户型
305,双南两房小区位置安静+一梯两户+17年刚装修+满五唯一
306,有车位得房率82 满五年唯一 近闵行体育公园 精装修
307,华润高区景观大两房，房型正，保养好 视野宽阔
308,白玉兰奖项小区，飞机户型，采光好，带大储藏室
309,老静安近南京西路精装两房带露台，可领包入住
310,满五年唯一 一手动迁 精装修 电梯房 南北通
311,春申景城湖畔林语 2室2厅 743万
312,房东wu税 装修好 房型好 小区车位宽松 东门地铁620m
313,金地湾流域（二期569弄） 3室2厅 780万
314,朝南三房 近9号地铁  满五唯一、飞机户型 ，采光充足
315,电梯顶复 花园洋房 双露台 满五唯一 200平使用面积
316,小区中间位置，楼层好，南北双阳台
317,带产权车位，2012年商品房，满五年唯一税少，精装修
318,万科清林径 精装大三房 楼层佳采光好 价格可议
319,徐家汇 地铁口  朝南一室  满五年唯一  采光好
320,小区中间位置、中间楼层、精装原始两房，近13号线
321,《房型正气》《中区楼层》《居家精装》《必看好房》
322,好消息 新上花园大三房 小区安静位置
323,一楼带院子 边套  小区中间位置   近地铁 采光好
324,平江盛世家园 2室1厅 420万
325,7月链家又一力作：新上房源，建平未用，万科经典
326,白雪公主南北通两房。2004年次新小区。满五唯一
327,装修保养精致 满五年 税费少 采光没有遮挡 看房方便
328,云锦东方锦园 4室2厅 6199万
329,烫金地段 景观房 精装修 朝南带阳台 生活配套成熟
330,小兰子推荐，满两年税费少，中间楼层采光好，随时可看
331,推荐！全新房 次顶楼采光好 满两年 业主诚意 随时签字
332,70年纯住宅+2梯4户高区全南采光好+赏湖景花园+税少
333,花园洋房 满五唯一 精装平层 有车位
334,浦江东旭公寓+满四唯一+随时可看+非一楼+双南双阳台
335,没怎么住过半新房，有钥匙满五唯一。高层采光景观好
336,商品房好装修电梯房一梯两户看房方便
337,中环一号三房两卫，楼层好位置佳，看房随时方便。
338,视野宽阔，采光充足，交通便利，配套齐全
339,大平层四房 三房朝南  带空中花园 位置安静 户型正气
340,全明户型，视野开阔，税费低，装修保养好，出行方便
341,高区景观房朝南两房，有地下车位，随时看房
342,徐家汇电梯大三房  高区看东方明珠  徐汇和市四
343,次新洋房，高区景观，人车分流，阳台可封闭，看房方便
344,莘闵别墅区双南两房边套钥匙房随时可看中间楼层
345,08年次新房，品牌物业，居住体验好，税费低
346,梧桐树下对高一  天平街道尽显旧上海风情 满五唯一Key
347,南京路夜景尽收眼底 3房朝南 停车方便 价格看中谈
348,电梯洋房 1梯2户 花园社区 通透户型 满五税少 诚意售
349,满五唯一，飞机南北户型，通风采光好，房源干净
350,此房满五唯一有车位，精装修保养很好，诚心出售
351,批复地铁+大宁公园+板式住宅+少有三房+位置安静
352,此房 买入价格高 税费低 交通方便，进地铁 看房子方便
353,品质物业 繁华商圈 经典复式户型 车位充足诚意出售
354,象屿一楼带地下室，看房方便，房龄新
355,低楼层，2001年南北大两房，前后无遮挡，采光好
356,汇枫公寓 18号线地铁口 精装修2房 拎包入住
357,#店长推荐# 一手动迁 楼层好 户型方正 采光好
358,满五唯一，视野好看苏州河和造币厂，婚房装修
359,双南两房，未来的电梯房！急售 随时看房！
360,精装修，近地铁，楼层好，双卧朝南
361,小区位置好，楼层好，景观房，房东诚心出售。
362,三房两卫+全明户型+三开间朝南+采光视野俱佳
363,电梯房一梯两户得房率高，配套齐全 南北通
364,4楼，客厅带大窗户   边套全明，满五唯一，近地铁
365,此房南北两房，满五唯一 位置好采光充足，交通便利
366,小区安静位置顶楼复式 买进价高税费少 带露台
367,梅莲苑 2室2厅 595万
368,锦华茗园南北通三房，前面正对中间花园，视野好。
369,电梯两房 总价低  南北通 一梯两户，诚意出售
370,满五唯一，  一梯两户，房型正气，精装修房
371,五月花都荟豪庭 内环内高品质小区 近地铁 总价低
372,三林板块+近前滩+人车分流+电梯洋房+南北通+双地铁
373,满五唯一税费少，南北通，楼层好，视野宽阔，交通便利
374,浦江世博家园七街坊 2室1厅 384万
375,满五年唯一，近地铁，边套厅有窗户，采光无遮挡
376,鹏润伊顿公馆 2室1厅 308万
377,内环内高品质小区，近地铁，高层视野宽阔，配套齐全
378,新上两房，中间楼，没有个税，南北户型，诚意出售
379,3+1户型，南北直通，满五唯一，东边套全明
380,仙霞两房，南北通风，业主诚售，链家专属，诚意出售
381,诚意出售+精装修20万+满五唯一+近13号地铁+万达商圈
382,一手动迁，满五唯一，楼层好，精装修，诚心出售
383,中楼层，飞机户型三房，满五唯一，税少
384,近小区花园位置   满五唯一   户型正气
385,美兰湖空中花园户型 南北通 近地铁 小区绿化好
386,花园小区+地面铺瓷砖+板式南北通+近8号线+龙之梦旁
387,稀有电梯房，中间楼层，税费少，看房有钥匙
388,金地三期少有四房户型，精装修，诚意出售
389,南北通透户型 高层景观视野  诚意出售  看房随时！
390,优选上大小三房，诚意急售，看房方便，中间位置
391,大平层三房楼层好，采光足，半梯一户，得房率高
392,宜浩佳园，明珠旁，中间楼层，开发商装修，户型正气
393,店 长推荐+精装地暖+临别墅视野好+满五唯一+到价签字
394,一手动迁满五年，精装修诚意出售随时看房
395,安高大三房，户型正气，南北通透，视野开阔
396,7号线边上，无增值税，一手动迁，业主诚意出售
397,近地铁10号线+全明户型+精品家电+满五唯一+双南大两房
398,满五唯一+中间楼层+南北通透+单价低
399,新上vip+南北户型+免增值税+有钥匙+随时可约
400,精装修带全空调，中间楼层，随时看房
401,静安区次新房！双南双阳台！一手动迁免增值税！
402,万里一期精装平顶复式！12.8平大露台！有隔热层！
403,店长推荐，水榭花堤，大3房，带60平米花园庭院
404,中间楼层，拎包入住，交通方便，视野开阔，诚意出售
405,全明大户型，通风采光好，适合家庭人口多的客户。
406,满五唯一，位置好，楼层好，视野宽阔，采光充足
407,经典户型 高区景观 视野开阔 税费少
408,户型方正，南北通透，房东诚心卖，靠小区大门好位置
409,南北通透小三房，满五年，采光好，随时可看，得房率高
410,2000年红色商品房+满五年唯一+一梯一户+有钥匙+边套
411,两房朝南，楼层好，诚意出售，看房提前约，配套成熟
412,满五唯一   中间楼层 税费较少
413,小区中间位置好，楼层好，税费少，精装拎包住
414,妙栏小区小户型出售57平精装修好楼层，总价低诚意卖
415,万科南北双阳台二房 一楼带花园 随时可看房
416,静教院！！！南北通两房，视野采光无遮挡，总价低。
417,经典三房，带露台，前排安静，随时看房
418,新出小区中间位置正看小区花园，采光无遮挡，视野开阔
419,急售 急售，到价签字 空调加地暖，居住舒适
420,内环旁 南北通格局 采光和阳光充足 业主诚意出售
421,徐汇苑一期、户型方正、看房方便、诚意出售、复旦
422,一楼带220㎡大花园  二次装修 有地暖
423,中间位置、中高楼层、1梯1户、边间套全天日照
424,非顶楼小区花园中间位置近地铁满五年诚意出售有钥匙
425,美兰湖岭域电梯洋房经典3房带车位7号线地铁站下来就到
426,南北通透的两房，唯一住房，自住精装修，拎包入住，
427,维护人带看锦桂苑三房带阁楼 满五唯一
428,依水伴墅，鸟语花香，南北格局，满五年税费少有钥匙
429,内环内烫金地段 业主诚意出售随时看房 有钥匙好户型
430,满五；正宗复式；空间大；居住舒适；带阳光房、露台
431,满五唯一，高区边套全明，视野开阔，地铁口，可上复旦
432,22号线直达上海南站+业主急售+低于市场价+满五唯一
433,汉中路地铁口，朝南两居室，电梯房，户型方正，。
434,达安锦园品质小区，南北通西边套，户型全明，楼层佳
435,新上山水人家 人车分流 长寿路双轨13/7 配套齐全
436,近一号线延长路站   楼层好    电梯房
437,品质小区+人车分流+会所室内游泳池+地铁口+阳光无遮挡
438,税少 上档次 空中别墅 ，出高层钱，体验别墅
439,此房为满五年 ，南北通户型，高层视野好，采光充足
440,花园洋房，使用面积大，产权车位，诚意出售，看房方便
441,徐汇滨江精装带花园，满五税少，边套全明，近地铁
442,一线滨江，高区江景全南两房，总价低，有钥匙随时看！
443,中间楼层，业主诚意出售，单价、总价低，生活便利
444,满五唯一，南北户型，采光好，楼层优越，房龄新
445,满五年唯一，户型正气，高区视野采光好、看陆家嘴景色
446,地铁口旁，边套全明两房，总价低
447,满五唯一楼层好 电梯房高区 户型方正 大阳台
448,7号线举步即达，精装修，高区楼层，底总价，商品房
449,高区景观房，三开间朝南，双阳台，双飘窗，动静分明
450,嘉善路建国西路，环境优美，向阳售后公房，双南采光好
451,张江南 纯商品房小区 高楼层南北通户型业主诚心出售
452,汇枫公寓 18号线地铁口 一手动迁免增值税 诚意出售
453,店长推荐！ 中间楼层+双南一北+动迁房税费少
454,此房满五年唯一，花园位置，税费低，诚意出售
455,田林九村，老干部分房，双南，精装修，拎包入住近地铁
456,一手动迁，中高楼层，精装修，满五唯一，价格可谈。
457,精装3年（飞机户型）小区中间位置+地铁1号线+诚售
458,耕读园标准三房 总价低  业主诚意出售 看房方便
459,南北通，中高区，近地铁，诚意出售，配套齐全。
460,塘和家园登云苑 1室1厅 121万
461,高层南北通三房 满五唯一+苏州河景观另有产权车位可售
462,低总价刚需两房，业主诚心出售！！！！
463,非顶楼 双南户型 精装修 看房有钥匙 诚心出售
464,钥匙房+顶楼复式+通阳台(6+14地铁)商品房+不靠路诚意
465,10号线伊犁路站新虹桥公园旁，双南双天井，使用面积大
466,精装双南两房，产权清晰，高品质小区可拎包入住！
467,一梯一户刷卡入户 有8平米入室花园 带产权车位
468,电梯正气三房 楼层好 一手动迁 满五唯一 配套齐全！
469,全明户型，一楼带花园，满五唯一，位置安静
470,『上海春天新出南北通两房，税费少，采光无遮挡』
471,店长推荐-七宝烫金地段，满五唯一精装修三房。
472,高区采光好  厨卫全明  配套设施齐全  看房方便
473,低税，精装修，近地铁优质一房！
474,带阁楼有露台，满五唯一，安静位置，蝴蝶户型，急售
475,电梯南北通透，高品质小区，附面积多，精装修
476,春港丽园(公寓) 2室2厅 385万
477,此房是南北大两房 中间楼层采光好 满五年唯一税少
478,含车位，城开开发，园林式社区，顶楼复式，小区仅7套
479,景观位置，正看小区千平绿化，房屋可塑性强
480,南北通小三房两卫  房型正 近地铁位置好
481,三林前滩+电梯洋房+两条地铁+边套方正全明户型
482,小朋友 你是否有很多问号 这房子为什么这么好
483,自住精装修 经典设计三个房间 视野佳 满五唯一 税费少
484,双南精装修  房东诚意出售 三号线18号线长江南路站
485,银都新村(8至10区) 2室1厅 310万
486,两房两卫，次顶楼，近地铁，位置安静，配套成熟
487,大柏树地铁口+东边套全明+精装修+楼层好+满五唯一
488,高行绿洲新出两室一厅，业主诚心出售精装修，看房方便
489,飞机户型三房，电梯中层，满五1/2唯一，房东诚意出售
490,毛坯 一直空置   南北通透大三房  看房随时  户型正气
491,东航公寓 2室2厅 625万
492,多增加南阳台面积6平方，前面无遮挡，旁边小河流水。
493,13年电梯盛华景苑南北两房+税费少近黄浦江+全明户型
494,原动迁两房，带阁楼和露台，近联航路，南北通户型
495,楼层位置好，满五，双南户型，交通便利
496,"八方小区 ，总价低，地铁1号线，大宁国际,采光好。"
497,房子全明 三轨交汇 单价低 看房方便
498,中海精装小三房，开发商精装修，户型优质
499,张江南+11号线，南北通三房，税少带花园
500,金榜新苑 2室2厅 380万
501,小区少有户型西边套全明大两房中间楼层诚意出售
502,店长推荐，内环内，黄浦江边，地铁口，满五唯一，诚意
503,地铁100米  精装修 税费少  房龄新拎包入住
504,东原逸墅 4室2厅 600万
505,小区的南北小两房，开发商统一精装交付。
506,满五唯一精装修近地铁中高层万科物业刚需好房
507,许昌路1491弄 精装双南两房 鞍山新村出口 一梯三户
508,双辽支路70弄 2室1厅 366万
509,满五年一套住宅，无个税，精装修拎包入住
510,万科两房业主新装修，品牌家具，空调地暖，视野好
511,一楼大天井对口适存 价格诚意看房方便
512,超大三房 一楼超大花园 小区中间位置
513,世博花园 2室2厅 878万
514,新上双南户型，满五唯一，中间楼层，权清晰，诚售
515,原动迁 精装修 南北通两房 中间楼层 诚心卖
516,品质小区，闹中取静，放心购买。
517,近地铁，南北通户型，通风良好，中间楼层
518,新上房源+顶楼带阁楼+满五年+业主诚意售房
519,丰舍东苑 南北格局 满五唯一 地铁近
520,热门小三室户型 刷卡入户 楼层高 采光好 可拎包入住
521,卢实小+精装修仲央空调+拎包入住，配套完善采光好
522,房子是二手买进的 税费少  精装修拎包入住
523,飞机户型，动迁房，楼层适中，诚意出售
524,南北通透一房+诚意卖+简装品质小区
525,新理想花园 1室1厅 215万
526,路劲上海派 3室2厅 288万
527,近地铁口电梯一室户，高区景观房
528,位置安静 高区景观房 非顶楼 税费低 看中价格好谈
529,户型正气，南北板式格局，采光和视野不错，全明户型
530,万科梦想派 3室2厅 360万
531,金桥新村四街坊75平，2房2厅，诚心出售，随时看房
532,永清二村 1室1厅 159万
533,满五唯一，小区位置好，无遮挡，视野开阔，总高12楼
534,一手动迁税费少 东面临河采光好大三房
535,梅岭苑商品房大三房高楼层景观房看房随时诚心出售
536,三林前滩+商品动迁房+高区景观+位置好+双轨相交！
537,一梯两户+3轨出行+园林小区+03年商品房+精装
538,一手动迁税费少，小区中间位置，户型正气南北通
539,正看小区花园景观 位置好 南北通 边套全明户型
540,产权车位+满五唯一+精装修户型好，适合一家三代人居住
541,选万科三房，配套优越，置业书香之所，是温馨的归宿。
542,仁恒二期  朝向好 采光好 业主诚意出售
543,七宝电梯大两房 全南户型 业主诚售 税少 地铁9号10号
544,12号线七莘路，满五年唯一采光充足，明强西，诚意出售
545,万寿新上房源 店长推荐好房 边套户型 明厨明卫
546,双南双天井，前排无遮挡，无增值税！看房方便！獨家！
547,位置靠中 出门中庚 河道旁 业主置换诚心 约看方便
548,高区全明三房 满五唯一 精装修 拎包入住 业主诚售
549,价格可谈，无个税，都朝南，楼层好，不对马路急售
550,非顶双南户型+满五唯一税费少+精装可拎包入住
551,顾村地铁900米南北通两房，有钥匙看房方便
552,新华小区（龙吴路5599弄） 2室1厅 175万
553,近地铁，南北通户型，精装带阁楼，小区中间位置
554,1号线！内环内+经典飞机户型+南北通+满五唯一
555,店长推荐：精装修，满五唯一，边套全明大三房
556,中间楼层，双南两房，满五不唯一，诚意售房
557,诚售+高区景观房+近地铁+满五年唯一+不要错过
558,两房朝南优质户型，位置好，安静舒适，采光好
559,小区景观位置南北两房 诚心出售
560,不靠马路+远离噪音污染+满五唯一+产权清晰+看房便利
561,挑空客厅四房，顶层带阁楼+露台+带产权车位
562,江湾尊堡别墅(公寓) 3室2厅 900万
563,地段阳光好+交通方便+闹中取静+看房方便
564,精装修+双南双天井+全明户型+随时可看
565,景观电梯大两房，真房实价，诚意出售
566,非顶楼 单价低 看房有钥匙 小区中间位置
567,七宝老街，古色古香，简装一房，优质楼层，诚意出售
568,此房，楼层好采光好视野佳，安静舒适
569,15年新装修的三房，装修好、保养好、税费低
570,宜浩佳园，明珠旁，满五税少，中间楼层，户型正气
571,上海滩大宁城(公寓) 3室1厅 795万
572,"此房满五唯一，精装修 ,税费少，看房方便,自带车位"
573,358弄 中间位置 中楼层 满五唯一
574,一年出一套的户型，静安天域旁，苏州河边，双南
575,13号线北蔡站100M，2000年商品房，南北大两房诚意出售
576,南星小区 朝南两房  电梯房  8、12号地铁  曲阜路站
577,龙泽家园 1室2厅 295万
578,房东诚卖置换，交通便利，配套设施完善
579,清爽装修      全明户型      居家舒适
580,"徐家汇低总价电梯一房,近美罗城，满五年。"
581,近百联，麦德龙，采光好位置佳，近15号线地铁，钥匙房
582,惠祥公寓 1室1厅 695万
583,高区全明格局大三房+繁华地段闹中取静+俯瞰整个体育场
584,满5年唯一   户口可迁   无贷款 无抵押  看房方便
585,随时可看采光良好3号地铁线植物园板块
586,小区主楼两房，全南户型，视野无遮挡，看房随时
587,"徐汇滨江顶楼复式+四南一北南北通+近11,12号线"
588,新天地、满五唯一、高区无遮挡、自住装修、可看陆家嘴
589,五街坊 三房考马路不考变电站 一梯两户 双南全明
590,近地铁，南北户型全明，满五，精装修，拎包入住！
591,大三房主力成交户型  业主急售  精装 地铁一号线700米
592,梅六近百联，无增值税，采光充足，近15号线地铁
593,从未入住，开发商精装，三个大阳台，房东只认链家！
594,宜浩佳园，大三房，单价低，看房方便，诚心出售！
595,双轨地铁1号12号线，配套成熟环境优美，2005年次新房
596,宏润丽苑 一手动迁 电梯高区 南北视野开阔 东边套
597,满五唯一精装修，高层视野开阔，业主急售随时看房！
598,唐人苑 空间开阔，户型正气，采光好
599,蔚蓝单号房型方正，满五唯一，带地下储藏室，诚意出售
600,此房满五唯一，南北户型，中间楼层，价格低业主诚售。
601,高区通透大3房，户型方正，视野开阔，买进648W
602,西边套户，全明户型，景观楼层，出行方便，配套齐全。
603,售后公房，满五年不唯一，电梯房，中间楼层
604,品质小区+南北通+楼层好+采光无遮挡
605,长春小区精装一房，近地铁，带花园，前排无遮挡！！
606,税费少，景观楼层，采光通风效果很好，户型好
607,诚意三房 高区低层  2梯2户板楼停车方便
608,平吉新上双南两房+房型正气诚信出售
609,税费少，高区视野采光好，三面临窗，有钥匙
610,满五唯一，电梯4层，视野无遮挡，33米间距，普通住宅
611,双轨交  人车分流高品质小区 精装修 双南户型总价低
612,总价低+诚意售+婚房装修+12号线+平南=必看好房
613,杨思前滩+地铁6号线+总价低+税费少+停车方便+看房随时
614,华丽家园 3室2厅 668万
615,全明户型+中间楼层四楼+房屋保养完好+拎包入住
616,陆家嘴景观房 满五唯一 精致装修 顶楼复式 大露台
617,您有故事，我有大花园，双南两房，传说开始的地方
618,漕溪二村，新上房源，楼层好，户型好，随时可看
619,满五唯一，91年，中间楼层，诚意出售，看房方便的
620,南北一房，税费少，业主诚意出售
621,店长推荐：阳台窗外满眼一片绿色，阳光充足，视野好
622,晋元+童的梦+双轨交汇+大型商场+诚意出售+不靠马路
623,满五唯一，税费少，精装电梯四楼，保养好，省了装修
624,中间花园位置+采光好+精装修+看房方便
625,三林前滩＋三轨交汇＋精装修＋中间位置＋诚意出售
626,店长推荐，鲁迅公园，8+10号线双轨交通，居家选择
627,地铁口 万达旁 配套好 好楼层 看房方便
628,丰舍西苑简装一房 位置楼层好 房东诚心出售
629,三林板块+前滩辐射+三轨交汇+一梯两户+南北户型+诚意
630,顾村公园地铁站刚需一房，总价低，近地铁
631,三林板块+全明户型+三线交轨+拎包入住
632,两房朝南，业主诚心出售，欢迎带看
633,此房位于中山公园板块，中高楼层、采光好，房型方正
634,全南户型，近地铁，鸟语花香+人车分流的社区，带会所
635,朝南一室一厅，采光好户型正气，看房方便，诚意出售
636,万科一房一厅 开发商统一装修 高楼层采光好
637,南北通透户型，前面无遮挡，采光好
638,番禺路少有边套两房，满五唯一，采光充足，交通便利
639,花园洋房 双轨交通 双南精装修 总价低！
640,电梯一房，朝南采光充足，业主诚意出售
641,售后公房唯一，低总价，视野好，看房方便！
642,老静安曹家渡+金三楼层+朝南全天阳光+二年前婚房装修
643,4/8号线西藏南路， 西凌家宅精装+电梯2房带独用大露台
644,售后公房  南北通两房 小区中间位置
645,一手动迁房 两房朝南195万随时看房
646,满五唯一对口复旦，精装修，动静分明，采光好，有钥匙
647,二梯队、外环内、南北两房、满五唯一、一梯两户、
648,近地铁，采光通风好，配套完善，位置佳，诚心出售。
649,房型方正两房朝南 诚意出售随时看房 交通便利四轨交汇
650,房东急售，满五唯一，看房方便，出价就卖
651,满五年，全实木家具，保养很好，闹中取静，诚意出售
652,低层好房 交通便利 宜家宜居 配套设施齐全
653,丰舍东苑 一楼带花园 南北格局 地铁9号线 商品房
654,楼层好、视野开阔，满五年，紧靠8号线，全明户型
655,诚意出售+低总价+商品房+电梯房+万达商圈+地铁口小区
656,南北通透 楼层好 采光足 精装 满二 近地铁
657,云台二小区 3室1厅 448万
658,斜土路老卢湾总价低两房+全屋智能装修+视野采光好
659,"精装修，南北通透,三面采光。位置空旷,视野好。诚售"
660,飞机户型，厅南两房南，三楼，2/3唯一，接受置换客
661,汇师大两居，中区单价低可随时看房
662,大江苑精装自住两房+满五年+位置好+诚意出售
663,只给链家卖+新装修+张江集团+满五唯一+税费低诚意出售
664,地铁口+20多万精装修+中间位置+中间楼层+全明户型
665,一手动迁、近地铁、中间楼层、好房
666,大虹桥板块 南北通 精装修 诚意出售
667,电梯高层3房+繁华闹市里的一片净土+花园式品质小区
668,房龄新 税费少 买入价高 户型好 看房方便 近地铁
669,售后公房，无增值个税，观江景看明珠，电梯房，近滨江
670,房子满五唯一，中间楼层，全明户型，税费少
671,"装修ok,楼层ok，好房难得，只有一套，带看约起来。"
672,滨江标准双南两房，看江交通便利，商圈成熟，学有所成
673,十二大安心服务承诺保驾护航，满五唯一，楼层好
674,双南户型+出门地铁口+满五唯一+配套完善！！
675,精装修低楼层两室一厅，总价低，税费少，诚意出售
676,叠墅带花园  位于小区中 心位置 目前业主自住看房方便
677,满五唯一！小区中间位置，非顶楼一梯两户得房率高
678,次新小区，小区比较新，全明户型
679,南北两房，采光视野好，诚意出售，楼层位置好
680,总价低的双南，前后无遮挡，看房方便，欢迎咨询
681,店长推荐：2011年一手动迁 满五年唯一 0税费
682,小区前排、花园位置，南北格局、通风好诚意出售
683,07年新小区+双南两房+电梯房高楼层+满五唯一
684,南北通，中间位置，买入价高，满五唯一，精装带地暖
685,一手动迁，满五年唯一，自住精装修，景观楼层
686,满五唯一带电梯，精装修近地铁户型好楼层好配套齐全
687,业主诚心出售 一手动迁 两房 小区前排沿河景观位置
688,双南双天井  天井19.3平 采光好 精装修 业主诚意
689,停车方便，刷卡到户，采光佳。自住率高
690,里昂花园，100万装修，明卫，可拎包入住，dujia房源
691,新浦江城(浦申路1288弄) 2室2厅 685万
692,原始动迁，税费低，高楼层一房，采光充足
693,一手动迁，南北通，房型正气，视野较好，看房方便
694,2012年次新小区，房型正气，样板房装修 带地暖
695,14年  一梯一户 满五唯一  装修 伍拾家具家 电全！！
696,只在链家卖，精装三房，满五唯一，温馨舒适，拎包入住
697,三林前滩+链家Vip+满五唯一+南北户型+地铁11/6号线
698,顶层复式 使用面积160平 有产权车位 装修70万
699,双南双阳台+满五唯一+婚房装修+视野开阔+诚意出售
700,全南房| 南北直通| 精装修| 税费少| 业主诚意出售
701,康桥张江前滩+近大润发+万科大阳台入户+交通方便
702,黎安二村 2室1厅 249万
703,此房为满五唯一 大三房 采光充足 精装修 楼层好
704,湿地公园旁 金典三房 满五税少 诚意出售 接受置换
705,贝尚湾二期南北通两房，业主自住装修保养好
706,今日头条：高区景观，满五年，保养如新，诚意出售。
707,内环内，边套复式，精装满五唯一，二手买进，低税费
708,满五年，采光通风好，动静分明，错落有致
709,此房满五唯一，房型正气 ，视野宽阔，配套设施齐全。
710,满五年，一楼双南两房，带院子，诚意出售，价格可谈
711,满五年 电梯两房 中间楼层  户型好 厅南北直通
712,此房买进高 精装修带地下车位 可看可签
713,精装修+诚意出售+税费低+**未用
714,和祥佳园 2室2厅 360万
715,4\6号线 地铁+南北通+总价便宜两房+小区中间很安静
716,电梯顶楼三房，户型方正，视野好
717,琉樽尚品 2+1户型 高楼层 采光好 南北格局
718,宜达新居 3室1厅 350万
719,二手买进税费少，采光好，房东诚意出售
720,新上！新城悠活城，近地铁，三房精装修，满五唯一
721,新理想精装电梯大两房，楼层好采光好
722,一手动迁，税费少，业主诚心出售。
723,梅园新村(浦东) 2室1厅 520万
724,精装修，满五唯一税费少，南北通，双阳台，配套齐全
725,一期好位置 满五年唯一 装修保养好 看房随时
726,双南格局，中间位置 业主诚意 随时可签
727,一楼带天井 税费低  一梯两户 全明户型 诚心出售
728,交通便利采光好，电梯两房，满五唯一
729,楼层好，交通方便3.12号线龙漕路 位置佳 配套成熟
730,景观好 出行方便  精装修可拎包入住 蕴含文化气息
731,近地铁 交通便利 精装修满二 税费少 采光佳无遮挡
732,一梯两户，低总价，东边套全明，中间楼层
733,南北通双阳台，满五精装，无增值税，个税一个点
734,户型方正，大两房可随意装修格局 满五年 楼层适合！！
735,店长推荐+南北两房+业主诚售+拎包入住+品质小区
736,御桥张江前滩+满五唯一+拎包入住+视野开阔
737,此房满两年，前排别墅区无遮挡，精装修，双南南北通
738,全南两房+高区视野无遮挡位置安静+文定居委满五唯一
739,花园洋房 精装带露台 拎包入住 有个车位
740,交通便利近地铁，满五唯一，南北通两房，采光通风佳
741,南北通透 户型方正 采光充足 高科技住宅 适宜居住
742,近地铁  满二税费低 精装修 户型正气 自住保养的好
743,空中花园，地铁边上的品质小区，人车分流
744,满五年唯一，车位充足，08年高品质小区，业主自住率高
745,楼层好，位置好，采光充足，配套齐全，交通便利
746,高区观景视野开阔楼层好采光好不靠马路精装修总价低!
747,"满五唯一，精装修二房，带2个阳台,楼层好，视野开阔"
748,小区中间位置 2+1刚需户型 带车位 装修可以拎包入住
749,二期次新房，南北通户型，正看小区花园，
750,小两房，满五唯一，交通便利，门口花香满溢。
751,家园一期大三房  总价低  户型正气
752,急售好房！看冲浪沙滩景色宜人，全新装修，满五唯一！
753,满五年 唯一 精装 可直接入住 不潮湿 景色优美
754,老业主委托+高区看江+装修保养好+诚意出售！
755,二期大平层  景观无遮挡 有车位
756,《内环内带电梯叁居+近地铁8、12、18号线》
757,急售 七宝二中 大面积 总价低 带35平阁楼
758,一楼大天井，采光充足，前方视野开阔+小区生活便利
759,满五年不唯一，中间楼层，采光好装修好
760,次新小区，电梯中高区，南北通，层高近4米，带车位
761,精装修三房+产权清晰+园式小区+诚意出售
762,户型正气，楼层好，一梯三户，业主诚意出售
763,三林板块+税费各付+靠河位置+全南户型
764,地铁口 一手动迁 中间楼层 全明两房 诚意出售
765,新出，满五税少，视野开阔，采光通风好，交通便利
766,三林前滩御桥+电梯顶复+大露台+11号线地铁口530米
767,共2层、多享72平~阁楼正常层高~南北通、采光OK随时看
768,电梯三房，满五唯一税费少，楼层好，配套齐全
769,一手动迁，简装大三房，高层非顶楼，位置安静，采光好
770,精装修大复式，可养花养草养宠物，享受空中别墅的感觉
771,享受空间，享受生活，大平层，满足您的空间需求
772,金汇外销房 近地铁 经典复式 加三个露台
773,大宁瑞仕花园精装小三房   满五唯一  诚意出售
774,虹口花苑二期98年一梯两户+中区正气户型+业主诚意
775,业主精心布置与维护，小区Center位置，诚意出售
776,新鑫公寓 2室1厅 635万
777,三房中的战斗机+楼层好视野宽阔+配套设施齐全
778,店长推荐：总价如此之低，业主已经回国，您品，您细品
779,园林小区-楼层好位置佳-户型方正-南北格局-采光明亮
780,精装修两房  小区位置好 大宁灵石公园500米 配套齐全
781,满五唯一税费少，附带51平方超大的花园，难得一见。
782,电梯3楼洋房 全新未住满2年 有3个露台 小区央座无遮挡
783,电梯中高区，飞机户型，全屋飘窗系列，诚意卖，位置佳
784,NEW笋盘，沿河高区景观房，国际社区，紧挨协和双语
785,中间楼层，看房方便，业主诚意，位置安静
786,徐汇滨江法式小高层+中间位置+满二税少+三套房设计
787,内环2014年次新小区 金融街，四轨交 高区南北三房
788,满五唯一，精装修，地铁口，出行购物方便
789,高区景观俯视苏州河，沿河一梯两户南北通（必看好房）
790,精装修满2年，前排别墅采光好，业主诚心急卖
791,长寿路双轨13/7 精装修 南北通 视野开阔 交通便利
792,内环内成熟小区，西边套全明，不是顶楼！普通住宅税少
793,地铁7和13号线，次新小区，朝南采光好，一卡一户
794,二期 飞机户型 南北双阳台 带产权车位
795,未住满二全新！！伸手能摸到云朵，卧室全南
796,大三房，户型方正，楼层好，全明，诚意卖，价格可谈！
797,人车分流 品质小区 两房朝南带连体阳台
798,丽华大两房，满五年，非底楼，位置安静，看房方便
799,次新全南房型，厅带大阳台，视野开阔，出门地铁，
800,诚意出售  随时看房  自住中
801,十一街区二期双地铁满五唯一精装修保养好板式两房急售
802,新上东边套+拎包精装+景观视野+进价高+带地暖+有车位
803,7/13双轨交通 2楼 精装修可拎包入住 前后无遮挡
804,6+7房子复式的，婚房装修带露台，前后无遮挡视野好
805,风里雨里等你-花园洋房 精装修三房+人车分流+南北通风
806,15年次新房小区，房龄新，税低，三开间朝南采光视野好
807,内环内高档楼盘+满五唯一+楼层好+采光棒
808,松江新城精装修 低总价三房税费少 带电梯 属民乐 诚
809,大三房 南北通户型 理想楼层 全明户型 得房率高
810,精装三房   总价低 满五唯一无个税  诚意出售
811,满五唯一 楼层好 位置安静 诚心出售 拎包入住
812,南边靠河位置 采光好 南北户型 满五税少 随时看房
813,7复8复9带露台 电梯房 正规大五居复式房 小区中间位置
814,户型方正 小区中间位置 唯一 在售 单价低 必看
815,晋元 电梯高区 全明户型 精装修 视野采光好 有车位
816,内环内 南北三房，采光好，带大露台房龄新，看房方便
817,全权委托，有车位。三房朝南，苏州河景观，交通便利。
818,满五唯一、户型正、双南采光佳、冬暖夏凉、苏河湾CBD
819,苏州河闹中取静天井不算面积，出行便利，价格可谈
820,滨江大宅，一梯一户横厅面宽9米南北双阳台全套房设计
821,满五唯一，装修好，户型正气，产权清晰
822,三开间朝南，单价低房龄新，青云公寓西藏北路8号地铁
823,2016年新小区+位置环境好+全明户型+人车分流
824,嘉利明珠城新出三房，前后都有花园，采光好视野不挡！
825,"店长推荐:江宁,南北三居,88%,中楼层,税少,诚售"
826,内环内大复式，带大露台，一梯两户，三卧室朝南
827,中环内别墅小区带电梯，三房两厅两卫，满五唯一！
828,无增值税，无个税，高区朝南小三房，置换诚售
829,城花四期，次新房，精装地暖，近地铁，无遮挡
830,杨思前滩+沿河景观+好楼层+诚意出售+税费低
831,新上架 科技住宅 满两年 全南户型采光充足 车位另算
832,房东自住装修  中间靠河楼层  视野好 近期要卖掉
833,百年南京路，雕塑公园里，二手买进税费少，有产权车位
834,新上热门房源户型好+配套完善+采光充足
835,建邦二期，2016年次新房，景观位置，户型正气
836,南北通风，高区视野开阔，诚意出售，精装修，采光好
837,南北双连体阳台，高配大两房，苏州河景观房采光好
838,业主诚心出售，税费少，南北通户型，交通便利
839,菊园 3室2厅 1250万
840,双南户型，售后公房，南北通，阳光无挡，绝不跳价！
841,虹梅景苑 经典两房 南北通透 户型正气 房东诚意出售
842,房子一改二 精装修自住 诚心出售
843,厅南北通透 双阳台 通风好 中楼层采光效果好 业主诚售
844,三林板块+诚意出售+随时看房+带阁楼+动迁税少
845,业主装修2年，中 央空调，满五年唯一，方便看房
846,三年才出一套的好房子，高区俯瞰整个小区的景观
847,满五唯一，中间位置，户型方正，诚意出售，随时看房
848,楼层好，位置佳，户型方正，交通便利，价格可谈
849,高区！一梯两户 +厨卫全明 满五唯一+全天采光 南北通
850,低楼层一房，近地铁，小区优质。
851,满五年＋一梯两户＋得房率高＋业主诚意出售
852,中城苑大一房，户型好，南面开门，南边采光好。
853,商品房小区两房，得房率高，房东置换急售
854,北虹桥，外环外，动迁二楼等你来看，含车位价格
855,楼层佳 近地铁 满五年 全明户型
856,满五唯一，楼层好，位置好，户型正气，总价低
857,誉品大平层4房，拎包即住，有产权车位，看房预约
858,真房源，11年此次房，南北直通，精装修，拎包入住
859,全新精装修+南北通大两房+美丽家园小区+不临马路
860,近1号线+全明三房户型+满五年位置好+配套成熟+采光好
861,精装修拎包入住 位置好 楼层好 满五唯一
862,一楼两房 双天井搭成阳光房，全明户型  不靠马路
863,近地铁电梯房精装修温馨小家 随时看房！
864,世纪公园高区非顶楼景观四房 位置好 南看一览众山小
865,南北双阳台，采光好，房主自住，保养好，南北通透
866,小户型 低总价 精装出售 置换业主诚意出手  等您来
867,富锦路站精装两房，出行方便，刚需小户型
868,烫金地段+三线交汇+婚房装修+南北通大2房+诚意出售
869,有产权车位+3开间朝南+层高3.1米+两梯两户+刷卡入住
870,三房朝南 安静无噪音 自住精装 低税费 带租赁车位
871,海派青城 2室2厅 235万
872,09年次新商品房，南北通，中高楼层，无遮挡
873,马上通地铁咯，客户看过来，精装小户型拎包住税费少
874,满五唯一  高区全明户型！  税费少！近地铁！
875,三轨交通+江桥二甲医院+钥匙房+诚意出售+南北通透
876,长乐路930弄，不错楼层，业主诚售 满2年
877,莘庄地铁中祥哥德堡，低总价大三房，有钥匙
878,链家推荐可以满二交易+从未入住边套户型+比单价比总价
879,康桥、张江、前滩，地铁500米，满五唯一，万科物业
880,带露台，内环内，三轨交，中间楼层，新鲜笋盘
881,次新小区+一楼带双花园+看房有钥匙+满五年唯一
882,店长推荐：内环内一室半+97年房龄+中间楼层
883,近9号线低总价 一梯两户得房率高 边套采光好
884,白玉兰获奖+人车分流小区+户型正+采光好+诚意售
885,店长主推 中城苑新上精装三房 地铁200米 看房随时
886,边套南北通，精装，全明，好位置，难得好房
887,仁恒两房 景观楼层 精装修 带产权车位 户型正气
888,园林小区小高层，高区，一梯两户，近地铁，采光视野好
889,1楼的价格，6楼的采光！无遮挡！自带花园~
890,双南户型，格局好，临河近地铁，交通便利风景好。
891,九里亭核 心地段 商 业配套齐全，交通便利，户型正气
892,【1560万各付】【看东方明珠】两房和客厅并排朝南
893,复兴佳苑+小区中  心位置+三开间朝南+诚意出售
894,香岛三期精装修三房，业主诚意出售。看房随时。
895,业主重新装修+三房朝南户型好+带车位+视野景观好
896,地铁口一房，楼层好位置佳，动迁税少
897,中环边次新小区，金地物业  精装拎包可住 满五年唯一
898,双轨地铁7/13号线+闹中取静+中间楼层+配套齐全
899,全新装修 看房方便  业主诚意 中间楼层
900,西边套，小区公共绿地位置，保养新，价格可谈，近东门
901,满二年，次新小区，品质高环境好，房型正气业主诚心卖
902,楼间距宽，户型好，位置好，无遮挡，精装修保养好
903,明星楼盘，繁华地段，南北精致三房，高区景观房
904,富力桃园方正两房，自带30平花园
905,"满五年，税费少，栋距大,采光好,厅南北通，户型正"
906,精装复式，拎包入住，诚意出售，采光充足，交通便利
907,地铁双轨交汇！3房面积大，高层视野好
908,此房满五唯一，三房两卫，户型正气，位置好
909,新高苑户型方正大三房业主诚心急售，看房随时方便！
910,莘城公寓，南广场3房，户型好诚意出售
911,双南大两房，全明户型，钥匙房看房方便
912,双FIRST，满五唯一税少，地下双层车库停车方便
913,位置好+好楼层+房东诚心出售！
914,此房售后公房无增值税  双南两房 采光较好 配套齐全
915,全明户型，中楼层，此房采光无遮挡，内环内交通便利
916,新出双南两房 一手动迁 满五不唯一 业主诚售
917,世纪大道精装三房 自住的好选择
918,一室户 拎包入住 小区中间位置中间楼层
919,一手动迁电梯房，税费少，近地铁，交通便利
920,一年内精装修，两房朝南，一梯两户，得房率高
921,⭐⭐⭐空中别墅俯瞰陆家嘴，尽享同堂阖家之乐
922,满两年，位置好，业主诚意，南向房
923,十号线两房 非顶楼  少有厅带阳台 精装修 一梯两户
924,花园式小区+双南两房得 fang率 85%+户型正气+采光好
925,13号线地铁  中间楼层  采光好  双南户型
926,中间楼层+小区中排位置+采光好+普通住宅税费少
927,满五唯一 税少 小区靠河前排南北通透，中间适宜楼层
928,热门户型+满五年+产权车位（另售）+带地暖+大金空调
929,本月必卖房源，精装，双轨道交通，南北通透户型
930,前排景观房 品质小区 视野宽阔 采光充足 配套齐全
931,中间户型+正朝南户型+交通便利+配套齐全
932,周浦标杆小区，港企开发，品质楼盘    次新房  急售!
933,品质小区 视野宽阔 采光充足 配套齐全 南北通透户型
934,视野宽阔，房子保养好，买入即可领包入住
935,三林前滩御桥+ 中环边＋ 满五唯一 ＋小区央位好楼层
936,两房一厅  南北  中间楼层 蒙山路 配套成熟
937,"十一号线安亭站上盖,满五年边套南北通有钥匙全毛坯"
938,满五唯一+三轨沿线+双南户型+精装修+复式阁楼
939,品质小区+近地铁+房型好+诚意出售+看房方便！
940,金祥苑1房，满五唯一，总价低，单价低的一套房源
941,临港新片区毛坯大三房格局好采光通透中间楼层
942,品质物业，户型方正，精装修，小三房
943,刚需小户型 精装修 满二年 无增值税 产权清晰
944,装修好，楼层好，家电家具齐全。业主诚心出售！
945,普陀区金莲坊 小区2层全明户型 大两房格局灵活 采光好
946,商品房小区，房东置换急售，方便装修，有钥匙。
947,新上房源 央位南北户型金钻楼层 诚意出售 看房便利
948,三林前滩+有钥匙+花园位置+楼间距大+采光充足+非一楼
949,户型方正   南北朝向   通风采光好   大三房 近地铁
950,新五区，户型合理+楼层好，上下楼不累+无增税，安静
951,大一房 满五唯一 毛坯随意装修
952,TOP房源+业主急售+家具家电全部留+满五唯一+过户交房
953,2013年次新小区，满五年不唯一，嘉怡水岸的一房
954,店长推荐：小三房 ，9号线泗泾站，业主诚心出售！
955,户型正气   电梯适中  交通方便
956,包含车位 湖景高绿化小区  中高楼层  装修好拎包可住
957,南北全明户型，业主诚意出售 一手动迁 九号线
958,内环滨江电梯两房，楼层采光日照视野好。
959,高区景观电梯大两居+交通便利+已购住房 诚意售，钥匙
960,地铁口+售后公房+中间楼层+边套全明
961,满五唯一，中区楼层，视野无遮，有钥匙，呼兰站966米
962,户型通透，无遮挡采光充足，满五唯一，诚意出售。
963,前滩杨思+中环内+中间楼层+满五年+南北户型+诚意出售
964,南北户型，朝南落地阳台，采光充足，拎包入住
965,户型方正 南北通透 附带9平方小房间 看房提前约
966,朝南一室户，近地铁满五不唯一，采光无遮挡
967,动迁房，南北通两房，低楼总价低，采光好，不靠马路！
968,家具已清空，业主急售，带电梯，内环内大三房！大三房
969,看房方便，楼层好位置好，居家装修，全明户型。
970,11号线地铁口小三居 满两年前排高区 安静不靠路
971,（品质小区）（三房朝南）（景观楼层）（附产权车位）
972,闹中取静，全明采光较好，高区看公园，园林小区
973,有车位 精装修 中楼层 单价低 河景房
974,江苏路地铁口双南双阳台，带车位，满五唯一，采光好
975,业主诚心卖，新装修没有住过，拎包入住，看房随时
976,嘉定新城2016次新小区，，中高层视野采光棒，看房方便
977,三开间朝南，高楼层，光照时间长，随时看房
978,产权车位+有钥匙+4/10号线海伦路地铁口，两房朝南！
979,电梯两房，动迁房，总价低，看房方便，满五唯一少税
980,此房高区  保养好 中间楼层，采光充足，配套齐全
981,大宁板块新小区，楼下芷江中路幼儿园，朝南好房
982,满五  位置好，安静宜居，双南户型两房，带花园
983,新海小区 总价z低一套 产权房 楼层好
984,毛坯房，原始户型，从未入住过，景观房，南临河
985,东边套全明，中区楼层，近地铁，近医院，交通便利！
986,地铁站，房屋的采光比较好。带装修
987,2016年次新房，新装修从来没住过，拎包入住人车分流！
988,瀚林世家+朝南一房+高区采光视野无遮挡
989,瑞达苑 2室1厅 565万
990,品质小区 优质物业 满五唯一 刷卡到户 车位充足
991,满五唯一 景观房 家电全留 拎包入住
992,紫叶一房 总价低 近地铁 河景房 近期必卖
993,三林板块 南北通透 户型方正 品质小区
994,精装修复式+满五唯一+近嘉定西+小区环境好+交通便利
995,两房两厅，满五唯一税少，户型正气，电梯房中楼层
996,楼层位置好，前后无遮挡，业主诚意，看房方便。
997,大虹桥+13号线金运路站 精装两房 满五年 看房方便
998,全明户型，精装修，四楼，近地铁，万达，家乐福
999,九月满五唯一 央企正两房，大融城 ，配套好
1000,全南全明房型，户型方正，使用面积多楼层佳采光好
1001,顶楼复式  满五年税费少，随时看房，诚心出售
1002,空中花园，精装修次新房，人车分流，地铁15号线在建
1003,产权满二年，税费低，精装修，领包入住
1004,毛胚三室两厅，商品房，靠地铁，欢迎各位看房
1005,精装两房 双南带天井 户型方正 采光好
1006,居家小三房，位置安静，有钥匙，业主诚意出售
1007,一梯两户，商品房品质小区，物业管理一liu。
1008,南北两房，业主诚意出售，满五唯一，看房方便
1009,精装修 拎包入住 低总价 有车位
1010,淞虹路地铁站，全明小户型，看房有钥匙，随时看房。
1011,信达蓝爵 3室2厅 660万
1012,锦秋花园精装两房，满五唯一，总高六层有电梯，诚售
1013,中楼层 户型正气 税费少 诚意出售
1014,世博观光小区 下叠加 带车库和花园
1015,三林板块＋板式电梯一房＋南北通＋视野采光好
1016,顾村文宝苑少有高层精装壹房，全明有钥匙，诚意出售
1017,婚房精装，楼层好，南北通透，近地铁一号线，看房方便
1018,售后满五唯一+中间楼层+正规三房+教科院+9/12号线
1019,诚售！2楼有钥匙 精装修带墙暖，满五税少
1020,国内资深设计师设计，全新装修，所看即所得
1021,满五唯一+电梯房+楼层好+位置好+位置好+看房有钥匙
1022,地铁嘉定北500米，两梯三户，两房朝南，诚意出售。
1023,总价低，楼层佳，钥匙看房，随时可签！
1024,中间楼层，全明两房一厅，售后公房税费少，价格可谈
1025,满五唯一+双天井+两房朝南+采光很好
1026,三开间朝南，透格局好，交通便利，高品质小区。
1027,梅花苑 2室1厅 513万已下架
1028,三开间朝南，全明户型，开发商统一装修纯新房，楼层好
1029,李嘉诚开发！大三房！房东诚心出售！
1030,南北通双阳台，中间楼层，2卫户型，随时可看房
1031,华润新上大三房，满五年唯一，保养好，有车位
1032,32万精装修+满五年唯一+朝南大花园+看房随时
1033,双南户型  朝东大阳台 毛坯房 有钥匙 方便看
1034,南桥C位地段，2+1三房满五年，随时看房诚心出售
1035,朝南一门关+龙华中路+近正大乐城 绿地缤纷城
1036,徐家汇+南北通两房+户型正气+全明户型+满五唯一有车位
1037,飞机户型，采光好，适合一家人居住
1038,2005年商品房 一梯两户 3楼 这个月就要卖掉
1039,惠康苑 3室1厅 275万
1040,大区主推，电梯两房精装修，位置安静，全明户型
1041,06年电梯顶楼复式，四套房精装拎包入住，带百平露台
1042,内环低总价小两房+南北通全明户型+得房率高诚意出售
1043,面朝花溪路，宜居更宜财!!!视野宽阔，采光充足~
1044,杨思前滩+精装修+税费少+三轨交汇+全明户型
1045,内环小户型，电梯两房，中间楼层，采光充足
1046,解放新村，双南房，中间楼层，户型方正，带电动车棚
1047,四和居委+静安寺地铁站+朝南一室+中楼层
1048,中间楼层，中间位置，双南户型，随时可看
1049,人民广场，安静住宅区里的电梯房，小区安静管理好
1050,西边套，满五唯一，距离地铁400米，精装修
1051,银都新村(1至7区) 3室1厅 375万
1052,近地铁 近公园  朝南大一居 视野开阔 采光充足
1053,满五唯一 双南户型 楼层好装修新虹桥路地铁站300米
1054,房龄1996年+双轨交+诚意出售+满五唯一+看房随时
1055,龙盛49平大一房，全明户型，拎包即住，诚意出售
1056,装修好+楼层佳+位置安静+采光好+满五年唯一房东诚售
1057,售后公房，满五唯一，交通便利，配套齐全
1058,有钥匙 业主诚意出售 随时看房  采光好
1059,精装修温馨小两房，双朝南，环境好，景观楼层采光好
1060,世博家园四街坊 业主诚心卖 近城市生活广场 卜蜂莲花
1061,满五唯一近地铁拎包入住降价20万急售户型整齐
1062,一梯两户，南北通风，13号线下南路站，业主诚意出售
1063,世纪公园 全明地铁电梯两房 诚意出售
1064,飞机户型三房+买进价高 税少 看中价格好谈
1065,有钥匙，随时看，新装修，三室两卫，采光刺眼
1066,金汇花园一街坊 2室2厅 500万
1067,此房满五唯一，业主诚心出售，看房方便
1068,真实房源，真实在售，底价购房，小区好房，居住好房
1069,近6.7地铁，4楼，清流，满五唯一，产权单独无抵押
1070,嘉定新城地铁口 精装婚房，税少，温馨小两居！！
1071,光华绿苑 2室1厅 385万
1072,房龄新双南大两房 单价低！随时看房！
1073,，满五唯一，双南两房，业主置换诚售
1074,店长推荐：售后公房满五唯一，税少，双南采光通风佳
1075,满五唯一+平南分部+12号线+两年内装修=好房子
1076,崮山好房，小区朝正位置，楼层好户型正
1077,户型方正地段好 全明户型中间楼层 只给链家卖
1078,中间楼层，精装修，全明户型，四周无遮挡，采光好
1079,虹德苑 3室2厅 900万
1080,瑞虹新城(一期) 2室2厅 850万
1081,徐汇滨江沿线+近地铁+配套齐全+中楼层总价低一房
1082,汇成三村+  小房型+总价低+出行方便
1083,三林前滩+满五年唯一+精装修+中间楼层
1084,中间楼层，精装两年，买进价高税费少
1085,纪念路494弄 3室2厅 510万
1086,钥匙房。中间楼层。近地铁。精装。位置好小区环境好
1087,虹叶茗园 3室2厅 1320万
1088,松乐苑 3室2厅 350万
1089,真房实价，VR看房，业主诚心出售
1090,虹梅花苑 2室0厅 249万
1091,双朝南采光足！满五唯一！好楼层！
1092,楼层佳，户型正气，随时看房，随时可签
1093,售后公房 精装修 拎包即住 业主诚心出售
1094,视野开阔，交通便利，7号线直达静安寺，物业管理好
1095,三林板块，一梯两户，得房率高，不靠路，精装修两年
1096,满五年唯一 税费少 曲阜路站8、12号线  两室一厅
1097,小户型，总价低，税费少，交通方便。
1098,经典房源 一梯两户一房 满五唯一 精装修 随时可看
1099,内环旁，黄浦江畔电梯两房户型好
1100,只挂链家，钥匙房，看房方便，位置好，安静，人车分流
1101,位置安静，近大门出入方便，南北通户型
1102,一楼带天井+近地铁近六院+看房随时+产权清晰
1103,6-9号线，双南全明格局，小区开阔位置，居中楼层！
1104,轨交旁，低总价！采光好！看房方便
1105,链家 为您推荐小户型  低总价 诚意出售
1106,花园洋房，上海市模范小区，售后公房，满五唯一，钥匙
1107,上隽嘉苑 一室二厅 居家装修 满五年 拎包入住
1108,房子一门关，精装修，2010年房，交通生活便利。
1109,三期的次新房 满两年税费少 南北通透 楼层高 视野好
1110,高区南北2+1  自住装修  二手买进
1111,买进价高税少 双天井 业主自住精装修 配套齐全
1112,现诚意出售价格可谈！陆家嘴滨江朝南电梯两房随时可看
1113,北新泾地铁站正气两居，小区中间，楼层好，产证满五
1114,江苏路愚园路东诸安浜路地段2房边套诚意出售
1115,日式简约风格精装修+中间楼层+两房朝南全明户型
1116,业主诚意出售，看房方便，高楼层视野好
1117,双南全明，优质房源，近地铁，诚意出售
1118,一手动迁，中间花园位置，高楼层，采光好，诚心出售
1119,全南户型、中高层、新小区、泗泾洞泾，近地铁
1120,南北通户型，清水毛坯非底楼，诚意出售随时能看
1121,满五 观澜 全明户型 交通便利
1122,老客户的房子！  看东方明珠，正南方向，诚意出售！
1123,小高层带电梯+全明户型+带地暖带大金空调+一梯两户
1124,店长推荐 一手动迁，免增值税，视野采光好，次顶楼
1125,"户型舒适，一房一厅，15号线沿线，边套全明,看房方便."
1126,12号地铁+中高区电梯+钥匙随时看江南二期精品电梯两房
1127,南北两房，精装修，随时可拎包入住
1128,北美公寓 3室2厅 867万
1129,品质小区，户型正气，精装修，业主诚心出售
1130,江景房，带车位！满五唯一税费少！南北通，诚意出售
1131,华严路58弄 4室2厅 600万
1132,中间楼层复式，南北通透，采光好，小区中间位置
1133,花园小区少有复式三房 全朝南 精装修带地暖随时看
1134,新上3房 中间楼层 中间位置 靠2条地铁 商场林立
1135,满五唯一+大宁公园+视野开阔+港式三房+环境优美
1136,3房朝南，采光好，边套全明，近地铁交通生活都方便
1137,新丰小区 1室1厅 330万
1138,南北通格局，，位置很安静，中间楼层，满五唯一
1139,采菊苑 2室1厅 329万
1140,一门关  总价低  朝西北  采光好  近地铁 好出租
1141,富力虹桥十号 3室2厅 615万
1142,18年精装修—中间楼层—双南两房
1143,一梯两户全明户型，满五唯一税费低
1144,温馨舒适，安静便宜，满五唯一税费低，接受置换
1145,中间楼层，总价低，房子空置，看房都方便
1146,内环内4、12号线户型方正小三房诚意出售看房方便
1147,芙二小区 1室1厅 200万
1148,南北通透楼层好视野开阔通风好带装修
1149,税费少，可以做三加一户型，使用面积能够合理利用
1150,三年前买入六百八 现在急卖 没有增值税和个税
1151,2号线威宁路站+品质小区+单价怡人+诚意出售
1152,人车分流＋花园小区＋高区景观房＋可看东方明珠
1153,电梯两房，南北通，采光充足，装修好
1154,前排江景房，位置不错，采光通风佳，装修保养好！
1155,满五唯一税少，交易安全放心，采光充足，98年原建
1156,小区中间位置，全明户型，税费少
1157,满五唯一，大面积三房，房子整体格局很正气
1158,售后公房满五年唯一！视野开阔无遮挡，有固定车位
1159,中间楼层，正气户型，产权清晰，看房方便
1160,此房二手买进，已经满4年，税费少，精装修，随时入住
1161,内环曹杨路成熟社区，一梯两户超高得房率，中间楼层
1162,二期位置安静 高区景观房 飞机户型 有车位 免个税
1163,一手动迁满五唯一，精装修看房方便。
1164,世茂滨江花园精品一房，位置好，装修佳，必卖！
1165,房东诚心出售楼层好，配套齐全，近地铁站，出入方便。
1166,精装修自住，中楼层不临街，南北通透近地铁，满五唯一
1167,中间阳光楼层 双南二房 14号线地铁口 通风采光好
1168,满五唯一 税费少 位置安静 户型方正 高区采光通风好
1169,南北通+全明户型+小高层+得房率高+1梯2户+花园环簇
1170,双开间大花园，小区位置安静，满五唯一，近地铁1号线
1171,满五唯一，南北通透，诚心置换出售！
1172,佘山下，满五年，税少，视野开阔，看房方便
1173,近地铁+经典2改3户型+精装修自住+全面户型+楼层好
1174,近地铁，位置好，南北通风，带院子
1175,中高区大三房，中间楼层景观视野好，朝西看江无遮挡
1176,店长推荐：附带朝南九米大阳台，精装修，满五唯一。
1177,小区中间位置+楼层好+精装自住+诚意出售+看房提前约
1178,徐教院双南两房，近15号线百色路站，配套齐全
1179,一梯四户+南北两房+客厅带窗户+精装修全明户型
1180,满五唯一，单价低，户型好，出行便利，购物方便
1181,御桥前滩张江+人车分流+满五唯一+南北通风+高层视野好
1182,低总价+楼层好+近商圈+近地铁
1183,售后公房，双南两房，双天井，使用面积大，近地铁
1184,地铁口 两年精装双南两房  带地热 中间层  诚意售
1185,急售！！城南小区 精装两房 大客厅 全明户型 婚房装修
1186,卧室客厅全朝南，满五年唯一 双卫设计 超大花园
1187,品翠苑 南北房 南北客厅厅 属于品翠苑的 满五年
1188,税费低，南北通格局，精装修，附家具家电
1189,小房子，大视野，强采光，坐在家中赏叶开叶落
1190,有房才是高富帅 没房屌丝没人爱 本房在手喜气洋洋
1191,双南全明格局，采光好，业主自住满五年唯一
1192,三期大两房，厅南北直通，飞机户型，看房方便
1193,业主诚售 采光好  南北通 户型正气
1194,虹领公寓大三房，楼层好，近地铁，近商场
1195,全明户型格局好，精装修采光好，二手买进税少，近地铁
1196,福外品质住宅 多轨交汇 配套齐全 工作/生活/学习
1197,业主二手买进，保养好长期定居北京为房屋寻找有缘人
1198,新上房源+景观房+业主诚意+看房方便
1199,近前滩，精装修，人车分流，别墅品质，采光充足
1200,内环内，次新小区，婚房装修，满五唯一，轨交便利
1201,正看小区花园，链家V I P房源，有产权车位，价格另算
1202,合生时代锦苑(公寓) 2室2厅 838万
1203,双开间朝南3房，满五唯一，南北露台，户型通透
1204,三林板块+刚需电梯两房+满五唯一+ 婚房新装修+通风好
1205,近陆家嘴》世纪公园舒适三居》看房方便》价格可谈》
1206,南北通2房+中间楼层+小区第三排位置+满五年
1207,南望西指浦江线，北瞰东流红卫河。毛坯高层三房看金硕
1208,金铭文博 精装婚房  产权清晰 急售 急售   错过不在有
1209,04年正气飞机户型大三房  中间楼层 房东诚信出售
1210,东方花园一期.绿化高.产权清晰.满五唯一.诚意出售
1211,：13号线，满五唯一，格局好，南北通户型，精装修
1212,此房满五唯一，随时可看，带车位，交通便利，配套齐全
1213,笋盘三房，90%得房率，满五唯一，位置好
1214,电梯房带露台+南北通+满五唯一+视野好采光足+地铁口
1215,诚意出售+满五唯一+精装修20多万+万达商圈+近13号地铁已下架
1216,金桂苑 类板式大三房 地铁12号线旁 视野开阔 单价低
1217,次新小区， 精装修， 三房户型好， 总价低， 满五年
1218,御桥张江前滩，满五唯一，精装地暖，全明户型。
1219,此房满五年唯一，自住保养好，配套成熟诚意出售
1220,低楼层，精装两房，业主诚心出售
1221,豪都 一楼带院子 价格实惠 豪都是美丽家园小区
1222,必看好房！满五唯一 精装修中楼层 南北两房通风好
1223,满五唯一 南北通  精装修 拎包入住
1224,四期小高层，精装修三房，位置佳
1225,融创二期，中间楼层，看房方便，房东诚意出售
1226,12号线虹漕路站口，新房龄2015年，税费少，个税1%
1227,满五唯一 户型方正 自住装修 诚意出售 看房方便
1228,"错层大两房，动静分离，采光充足,业主诚意出售"
1229,小区仅两栋 3米5面宽  80得房率  满五  小高层近水景
1230,开发商精装修+电梯高区+3房朝南+全明户型+次新房小区
1231,新上！小区中间/ 04年商品房/一梯一户/低区房源
1232,南北两房，全明户型， 视野开阔，采光全天无遮档
1233,三南+双阳台+动迁房少税费 位置安静 地铁步行方便
1234,中大南北通正三房，带车位，大金空调，临别墅视野开阔
1235,满五唯一，诚意出售，价格可谈，房型好看房方便
1236,满5唯一没有个税 楼层好 采光好 产权清晰
1237,杨思前滩+南江苑三房朝南+位置好+看房方便
1238,满五唯一，南北户型，楼层好，价格低，房东诚心卖
1239,西边套带天井 居家装修 采光充足 全明户型 交通便利.
1240,普陀一梯两户双南双阳台两房 非顶楼采光好 寻有缘人
1241,聚丰景都三房，业主诚意出售，交通便捷
1242,世博家园八街坊+电梯高层原始三房
1243,金沙雅苑南北通透两房+50W精装+满五唯一
1244,用心选房，中间楼层的双南两房，五年不唯一，诚意卖
1245,别墅品质社区 经典两房大阳台 看房方便
1246,满五唯一 电梯高楼层 南北通 有车位 独。家委托
1247,小区环境好，视野开阔，配套设施齐生活居住的选择。
1248,阳光翠庭 1室2厅 270万
1249,地铁900米小区中间位置中间楼层中城苑南北房型带装修
1250,满五二房 近翼生活 +沃尔玛 +万达电影院+医院
1251,电梯房 70年产权住宅 500万精装修 独y无二地铁口房
1252,电梯两房，采光很棒，近地铁，低楼层
1253,厨卫全明，南北通风，楼层好，视野宽阔，采光好
1254,满五唯一 双南两房 采光好 近地铁  诚意出售
1255,品质嘉御庭旁-出门即是超市-全明户型-采光好-随时看房
1256,近地铁小两房一门关 业主急售看房方便
1257,陆家嘴滨江边，教授福利分房，一梯两户，干净清爽
1258,店长推荐：满五唯一 全明户型 诚意出售 看房随时
1259,满五唯一，低楼层低总价，小户型，配套成熟近地铁
1260,全屋地暖 精装修 拎包入住 满5唯一税费少 人车分流
1261,毛坯中高楼层，一室一厅房型整齐，前无遮挡诚心出售
1262,婚房装修，拎包入住，满五唯一，无个税，进出小区方便
1263,70年产权小户型 满五唯一 税费少 可直接拎包入住
1264,嘉华苑地铁580米，多层三楼，满五唯一
1265,楼层低，装修好，业主诚意出售。
1266,小区环境好居住舒适，高楼层，采光通风好，户型房正
1267,耀江两房+双卫户型+全南中庭景观+满五V一+看房方便
1268,桥一小区 2室1厅 436万
1269,此房买进价高！税费低！带20平花园！业主诚意出售！
1270,梓树园小白楼，三开间朝南，满五唯一，业主诚售
1271,一手动迁  满五唯一   经典大C户型  近地铁 诚意售
1272,小区里就有闵行区公立一级幼儿园-佳佳幼儿园
1273,《南北两房》《一梯三户 》《近地铁》《配套齐全》
1274,南北户型，普宅，小区位置不靠马路，总价低，诚意出售
1275,高区看体馆   +  满五唯一  +  看房方便
1276,蔚蓝城市单号采光没有遮挡 精装修的两房
1277,双南户型房源+二手买进税费少+位置 采光好+看房方便
1278,13号线地铁+2010年房龄+电梯+不靠高架+低总价+看房
1279,经典双南户型 公园位置  居家装修 拎包入住
1280,远离高架，视野开阔，业主诚心出售。看房随时方便。
1281,三林版块+经典一室两厅+品质社区+诚意出售
1282,标准3房2厅2卫，适合各个年龄段客户，配套齐。
1283,好房子诚意出售；抢手好房千万不要错过，期待有缘的您
1284,满五唯一，南北通透，东华在畔，靠别墅，景观楼层。
1285,荣乐一房 中间楼层 总价低  格局灵动 业主诚意出售
1286,静安寺地铁+朝南一室户+业主急售
1287,5楼双南全明2房，位置安静采光好！4、12号线大连路站
1288,楼层好，视野开阔，配套设施齐全，采光佳。
1289,园西小区 2室1厅 235万
1290,新上好房源 户型正气 精装修两房 七号线场中路
1291,玉田新村 1室0厅 152万
1292,张江南板块，近11号线秀沿路，满五年，诚心出售随时看
1293,电梯精装修，近地铁临公园，延吉示范性小区，正对花园
1294,菊园次顶楼全明户型两房，层高3.2米通风好业主诚意卖
1295,满五唯一税费少，楼层好，业主自住保养不错
1296,东都小区 两室一厅 采光好 精装修 距离地铁一公里
1297,满五年大C户型、精装修高区景观楼层，品质小区近地铁
1298,次新刚需1房，近17号线，沿河景观房，临宝龙诚售
1299,汇、师、精品好房！品质外销！满五唯一精装修！
1300,陆家嘴+内环内+满五唯一+普通住宅+交易成本低
1301,满五唯一，高区采光好，双地铁，装修好，诚意出售
1302,A+好房推荐+一梯两户+双南户型+中间楼层+诚意卖
1303,2代可同堂，3室2卫全明，高区南北通，直达灵石公园。
1304,满五年税少，南北通户型，采光无遮挡，视野宽阔
1305,位置好  楼层好  税费少  小三房户型好  诚意出售
1306,内环内 精装一房 房型好采光佳 交通便捷 全明户型
1307,高区、全明+视野开阔、看江景+户型方正、税费少
1308,爆！ 爆！ 爆！精装修，满五唯一，带挑空阁楼
1309,近地铁，靠中环高区景观两南一北大三房，位置好采光佳
1310,烫金地段+三线交汇+商圈配套齐全+高区+钥匙房+诚意卖
1311,房改售房，景观楼层，南北全明户型，随时看房
1312,咨询秒回，高区看江，四开间朝南，屋况好，看房方便
1313,小区中间位置，楼层好，采光好，通风好
1314,浦东唐镇 南北朝向 一手动迁 不靠道路 户型方正
1315,逸仙一村 1室1厅 180万
1316,房子一手动迁税费少，户型南北，配套齐全，交通便利
1317,小区安静房型方正   双卧朝南   楼层好
1318,清水毛坯，中间楼层，采光佳，近幼儿园，看房方便。
1319,人车分流  品质小区 视野宽阔 采光充足 配套齐全
1320,小区花园位置，视野开阔，中楼层，采光好，通风佳
1321,康桥前滩张江+多层二楼+南北通+位置安静飘窗+业主急售
1322,徐家汇两南一北大三房，品质公房，小区整洁，诚意出售
1323,业主诚售，售后公房，边套全明，楼层好双阳台。
1324,一首动迁满五年唯一+非顶楼非底楼+龙阳路CBD
1325,设计师设计丨方正居家丨楼层优越丨视野很棒，法式梧桐
1326,仁恒顶楼大复式带车位， 品质装修 看房方便 湖景房
1327,Key 飞机 飞机 飞机户型 房龄2010年建  Amazing
1328,14年近内环依水品质小区，商场菜场超市医院近在咫尺
1329,满五唯一售后公房边套全明双南两房
1330,2011年次新小区，飞机大三房，南北直通，诚意出售
1331,精装修 户型方正 11号线 诚意出售 厨卫全明
1332,低总价地铁三房，边套全明，诚意出售 满五年电梯房
1333,瞧一瞧，看一看，您往这里瞅一瞅，次新电梯房停车方便
1334,内环次顶楼电梯房，东南户型，视野开阔，看黄浦江
1335,上海实验幼儿园加持，双南通透正规厅，有钥匙看房方便
1336,你们要的没有缺点的房子来了！！！中远巨好四房！
1337,金茂府三期，钥匙房采光明亮科技住宅，没有人居住过。
1338,二期楼往3房。一梯一户。高区南北通。有车位税费低
1339,南京西路老公寓、产权房、价格可谈、诚意出售
1340,运营店长推荐+楼层好采光好 户型好 有车位
1341,科技住宅 节能环保  四季如春 天然氧吧 视野宽阔
1342,绿地蔷薇九里(公寓) 3室2厅 388万
1343,电梯花园洋房 环境优质 生活舒适
1344,协和大厦 3室2厅 709万
1345,视野好 售后公房 满五年唯一 少税 业主诚意出售
1346,大悦城明楼盘 8/12号线双轨交通飞机户型  高区无遮挡
1347,静安寺商圈+售后公房+次顶楼+链家钥匙房源
1348,此房满五，南北通格局，采光好，位置好，交通便利。
1349,全南户型+会所+顶复+阁楼  精装修 采光好
1350,万科通风两房，多层二楼带露台，满五唯一有钥匙，随时
1351,满五唯一，有钥匙随时看房，西边套采光好
1352,2015年房龄 高区南北通三房 精装ZY空调 有车位
1353,新出高荣小区，全南两房一厅，精装修采光和视野好
1354,新上高区大三房视野开阔  南北直通 业主置换诚意出售
1355,远洋7号 精装三房 高楼层 近地铁 配套成熟 人车分流
1356,业主急售+八号线西藏北路站+双南两室户+随时看房
1357,配套完善，繁华地段，交通便利，总价低
1358,地铁大两房 du家房源 单价五万六 不靠马路
1359,看房随时+静安寺+中间楼层采光佳+诚意出售
1360,1号线地铁口，税费少，奢阔四房，有产权车位，视野好
1361,2梯2户 不靠高架 咫尺南京路 雕塑公园里 诚意出售
1362,满五唯一 品质小区  双轨交 近金桥广场 配套完善
1363,丰庄一村小户型好房，户型方正，采光通风良好。
1364,此房房东诚意出售，看房方便，朝南一室户。
1365,拎包入住，17年婚房装修，南北通两房， 恒德花苑
1366,全明格局，楼层好，采光充足，视野开阔
1367,此房满五唯一，近地铁9号线，配套齐全
1368,70年产权住宅 山鑫公寓 正气两房 南北通
1369,小区中间位置，满五唯一，低总价，看房方便
1370,保利二期临河，闹中取静，精装修，
1371,杨思前滩＋商品房＋南北通透+视野开阔+配套成熟
1372,老牌豪 宅.一梯两户.满五唯一.近地铁.配套齐全。
1373,旭辉广场旁，北洋泾站，中间楼层，不对口 进才
1374,新静安区，近地铁1号线彭浦新村站，低总价一室户
1375,【泗泾品质好房】楼层好，落地窗，随时可看。
1376,（无任何税费）四条地铁交错，全南精装全明两房，可看
1377,全 日月户型，双南两房采光好，精装修，拎包入住
1378,大三房二卫，低总价，居家装修，带露台，南北通，诚售
1379,中间楼层一居室，业主诚意出售看房有钥匙
1380,整层新里，一门关全独用，精装修
1381,虹口足球场站 8号线3号线 两室 龙之梦商圈 配套齐全
1382,淮海中路吴兴路 高区小三房 采光通风全天不挡 急卖
1383,一楼带花园  品质洋房社区 产权清晰 随时可看
1384,满五唯一税少  楼层位置佳  小区环境好 户型正气
1385,奥林匹克花园 1室1厅 245万
1386,精装2年（双南户型）+近地铁1号线+诚意出售
1387,次新房，精装带地暖，高区视野，有车位，满2年税费少
1388,一楼一房带大天井，满五唯一诚心出售，看房联系维护人
1389,非顶楼内环边 非顶楼 采光无忧，通风好，3/4号中潭路
1390,小区中间位置  三开间朝南诚意出售
1391,临地铁，好學校，南北通透大三房，电梯高层，业主急售
1392,双轨+一梯两户+没有增值税+没有个税+采光好全明
1393,业主vip房源 高信任度 南北通精装修 满两年诚售价可谈
1394,楼层合适，出行方便，位置合适，户型正
1395,全朝南 大两房 楼层高 房型好 别墅景观 近地铁
1396,保利佳苑 2室1厅 240万
1397,聚缘南庭  业主诚心出售  户型全南 适合居住
1398,三大广场 近18号线 康实 电梯两房 楼层和视野都不错
1399,满五不唯一+精装拎包入住+好出租+近地铁+五角场街道
1400,原始动迁房，交通便利，设备齐全，户型好，位置好。
1401,一手动迁+无增值税+诚意出售+楼层优质+采光充足
1402,7号线顾村公园樱花节开放啦，电梯房近地铁，出行无忧
1403,漕河泾地铁02年电梯房 交通方便 管理完善 配套齐全
1404,五一好房 淮海中路 常熟路地铁口 南北产权两房
1405,杨思前滩+中环以内+双南大两房+动迁唯一+税费少
1406,格局好 出行方便 位置好 离地铁站近
1407,一手动迁，满五唯一，税费少且全明户型
1408,精装1房、可以直接拎包入住，仅靠满天星生活广场
1409,南北两房，视野好诚意卖 近地铁
1410,单价4.1万+1998年房龄+满五唯一，全明户型
1411,【 精装修】家具家电全包_朝南1室1厅_地铁口_无个税
1412,杨思前滩+小户型+总价低+中间楼层+一梯两户
1413,笋盘！2005年商品房+一梯两户+地铁双轨+近六院
1414,小区中间位置 中间楼层 婚房精装修 南北户型
1415,近地铁，近门不靠马路，非顶楼，满五年，朝南带阳台
1416,荷五小区 1室1厅 228万
1417,鹤沙精选，店长推荐：双轨旁，原始动迁大两房，南北通
1418,《交大地铁口》+无遮挡采光好，高区楼层
1419,美林小城，两房诚心出售，南北直通，精装修诚心出售。
1420,7月必卖链家房 税费少 采光充足 好改三房
1421,无需五年社保 交易不受限制 超高得房率
1422,清水毛坯房，高楼层采光良好，一手动迁税费少
1423,急售，中层，看房随时有钥匙，近碧云公园
1424,虹桥板块低总价，房型方正，诚意出售，看房方便
1425,房子满五唯一，停车方便，需要置换，业主诚心出售
1426,瑞和明庭， 南北户型，落地窗 ，徐泾产证。诚心出售。
1427,税少，不靠马路，产权清晰无抵押，采光好
1428,户型方正，南北直通，带15平方大露台
1429,买房买地段，徐家汇公园旁，次顶楼，一房一厅无抵无贷
1430,聚缘北庭13年新小区，房龄新总价低，房东诚意出售
1431,曹杨五村(南杨园) 1室1厅 212万
1432,双南户型，2楼带大露台，诚意出售，看中价格可再谈。
1433,曹路1房星海家园一手动迁房东诚意出售看房随时
1434,《必卖笋盘》愚一1房1厅《江苏路地铁口》随时可用
1435,小面积 适合一家子居住 近地铁楼层好
1436,本周主推 采光好 全明户型 视线无遮挡 视野开阔 高层
1437,全明一居室 好楼层 采光好 小区中间安谧 近商场地铁
1438,四号线，复式loft结构，得房率高，交通方便
1439,视野开阔，采光充足，配套齐全 交通方便
1440,此房双方朝南，满五不唯一，面积大，单价低，观·澜
1441,带大25平米天井， 双南户型 阳光充足 精装修
1442,南北通直通户型  楼层好  视野开阔 满五唯一
1443,莘松七村 2室1厅 297万
1444,小区中间位置 全明户型 间间带窗 采光好 干净清爽
1445,：新上房源 楼层好采光好 近地铁14号线交通便利
1446,全南户型，中间楼层，诚意出售，看房方便
1447,房子户型方正，税费少，位置好，房东诚意，毛坯
1448,金地开发 全南两房 三面采光 通风日照好 满五诚心卖
1449,95房龄 一梯三户 6/7号线高科西路地铁站
1450,此房满三唯一交通便利+配套齐全+户型正气+产权清晰
1451,顾村公园 地铁 低总价两房 有钥匙随时看
1452,丝庐雅苑二期+高楼层+南北通户型+次新小区环境好
1453,满两年，16年次新房，高楼层，采光好
1454,蓬%Ⅱ+ViP委托+高区全南2房+全天阳光视野
1455,潍坊三村一室一厅/厅有明窗/南北通/总价低
1456,凤城五村 南北通 靠小花园位置 楼层好 看房随时方便
1457,中漕小区+电梯小高层+朝南一室户+采光视野好
1458,内环内 朝南一房 满五年唯一低税，诚意出售，来电即看
1459,康桥 张江 前滩 18号康桥站 南北通2居 满五唯一免个税
1460,近地铁+精装修一房一厅+生活便利
1461,杨思前滩+8号线杨思50米+双南两房+楼层好+精装修
1462,此房总价低，中间楼层，采光通透！
1463,此房满5年，楼层好，采光足 ，户型方正 诚意出售
1464,新静安 一号线 中环旁 刚需一室 满五年 好房不等人
1465,房龄新，采光好，电梯房楼层好，随时看房子
1466,满五唯一 楼层好 南北通 全明户型 业主诚意出售
1467,满五唯一+采光无遮挡+植被多+品质小区
1468,精装修两房  客厅带阳台 边套通风好  随时看
1469,原始动迁，免增值税，4A级古镇辐射范围，房龄新
1470,房子满5年唯一，精装修，没有贷款，不靠路，很安静
1471,地铁口原始动迁房 看房方便业主诚心卖
1472,鹤沙精选，店长推荐，16号线地铁，精装南北通两室
1473,诚意出售，白玉兰称号小区，九亭地铁站，南北直通
1474,08年电梯高区一房全明，紧挨五角场合生汇万达广场！
1475,电梯双南大两房 高区视野开阔 有钥匙随时看
1476,此房楼层好，采光充足，配套设施齐全，交通便利。
1477,满五年 动迁税少 2号唐镇1400米 业主诚意出售
1478,满五唯一，中间楼层，双南两房，采光好无遮挡
1479,景观楼层，08年商品房，沈梅路站
1480,方与圆的巧妙设计~搭配一线江景，难出小户型，钥匙房
1481,育秀四区 温馨双南房 精装修 客厅有窗 适合三口之家
1482,12号线地铁口+业主诚意出售+拎包入住+全明两房
1483,一手动迁、 满五唯一，采光好，视野开阔，配套齐全
1484,2楼精装修两房双南，近7/8号线地铁口双南户型
1485,精装全明户型，4楼，近地铁不靠马路，看房方便
1486,商品房社区 羽毛球双打的院子 大三房诚意出售
1487,15号线地梯口+中间楼层+南北通透+满五唯一
1488,院子系列3房户型  边套户型 开发商样板房装修 急卖
1489,买进价高，满五年唯一税费较少，两南一北户型光线好
1490,一手动迁，免增值税，个税1个点带阁楼，利用空间大
1491,新上世博滨江 近内环  次顶楼 房东人好 看房方便
1492,南北通三房，滨江板块，低总价，满五唯一
1493,满五唯一，精装修，三楼，交通便利，拎包入住。
1494,满五唯一+中间楼层+南方商城1号线
1495,满二唯一，难得户型，全明，价格低，带天井，诚心急卖
1496,精装修，高区景观，税费少，业主诚心出售
1497,景观房，陆家嘴三件套仅收眼底，视野开阔！
1498,温馨舒适的小家是每一个有梦想人的选择。
1499,不靠轻轨精装修，一手动迁，中高楼层，业主置换诚售
1500,内环内88年新公房，朝南精装修一室户，采光无挡！
1501,满五唯一，0个税，两房朝南，边套全明，随时看
1502,满五唯一+楼层好+小区位置佳+业主诚意出售
1503,64平大露台！40万精装修！南北通透户型方正
1504,主力南北户型两房，中间楼，精装修，零个税，免增值
1505,中间楼层 精装修拎包入住 全明户型 近地铁 价格低
1506,曹杨三村(兰岭园) 1室1厅 215万
1507,新闵小区，35.5平的小户型，中间楼层，边套全明户型
1508,自住装修好房，诚意出售，看房方便
1509,荡湾新村 2室1厅 138万
1510,地铁口，非顶楼小两房，配套齐全。
1511,16年次新小区  一手动迁 无增值税 业主置换 诚心出售
1512,地铁口精装两房，拎包入住，一手动迁，满五唯一，
1513,杨思前滩+6号线地铁口+电梯大三房+采光好+看房方便
1514,2012年次新房，地铁口，中间楼层，采光好，业主诚意卖
1515,飞机户型，0个税，客厅面宽4.4米，主卧21平，可小刀
1516,2室亦可3室，总价不高，小区中间位置，税费少，采光好
1517,总价低 楼层好 位置好 近地铁 近中庚 近商场 环境好
1518,南北两房+总价低两房+近地铁3/12号线+房东诚意出售
1519,大户型 保养好 业主诚意出售 配套齐全
1520,诚意出售-高品质-宜家风-精装修好房—可直接拎包入住
1521,总监推荐17年新房 总价低精装交付 南北通 满两年税少
1522,电梯两房采光无遮挡 产权清晰 到价随时签字
1523,电梯高楼层，南北通风，房东诚意出售
1524,满五唯一 高档楼盘 对口名校 正南双阳台 精装修
1525,万科物业 南北通三房 精装修 空调地暖
1526,西边套全明 精装修 3/4/8号三条轨交 免增值税
1527,满五唯一，屋况好，自住精装修带地暖，位置好。
1528,小区央座大两房C7户型，带地下车位，满五唯一无个税！
1529,动迁唯一，楼层好，户型正，全明采光好，诚售
1530,高区全明户型 客厅西南房型通透 业主诚售
1531,御桥前滩张江+南北通两房+满五年唯一+有产权车位+诚售
1532,一手动迁  满五唯一  中区双南  前无遮挡  全天采光
1533,解放前老公寓带花园，0增值税诚意卖，文化底蕴浓厚
1534,17年次新房|单价低|南北通采光好|2南1北户型|带露台
1535,业主诚意出售，交通便利，南北通透，配套齐全
1536,五年唯一税少+近地铁+次新小区+户型正气+采光好！！
1537,七宝炙热地段，满五年唯一 近9号10号地铁
1538,莲溪板块C位出道  双南全明户型 诚意出售
1539,次顶楼+价格优势+景观房+配套成熟+业主诚意=必看好房
1540,有这样一套好房 洒满阳光 生机勃勃 高耸入云 美轮美奂
1541,店长推荐  带花园+南北通+大三房采光好，满五年无户口
1542,欢迎品鉴 公园大道温馨三房 置换诚售 30万装修 拎包住
1543,22号线+百联商圈+万达商圈 ，业主诚意出售
1544,精装修两房，通风性好，采光好，视野宽阔
1545,新上房源 精装修  好楼层  只需要出契税 拎包入住
1546,【两年前装修】不靠马路【边套、景观房】两梯三户
1547,九号线，电梯三房，中间楼层，视野好 全明格局 税费少
1548,稀有景观三房，阳光房，衣帽间，客厅挑高，优质装修
1549,05年品质小区近陆家嘴 地铁6 14 18号 满五唯一 诚心卖
1550,大2+1房全明，使用面积高，可领包入住，唯一一套少税
1551,此房中间楼层，双南+全明的户型，房改售房，税费少
1552,首创1期、近地铁、万科物业、出来万达茂、房东诚意
1553,源房家独！！  百联旁   蒙山中 大三房 中间楼层 急售
1554,精装修南北户型边套全明房东诚意出售
1555,02年小区，小高层社区，居住舒适，南北板式户型
1556,房东急卖+景观楼层精装修+10年次新电梯房+双地铁
1557,位置佳，楼层佳，采光好，业主诚意，
1558,一手动迁，满五唯一，双轨交，大三房，诚意出售
1559,09年次新房+精装修+房型正气+地铁口+诚意出售
1560,正阳二期：中间层，无个税，原值高，价格可谈，业主急
1561,采光好+满五唯一税费低+带家具家电业主诚意出售
1562,店长推荐 2006年小区 近地铁 可详情页查看户型优缺点
1563,置换必看 经纬大四房 闹中取静 天天生活在森林里
1564,为数不多的1复2房型 产证满五年  带北花园使用权车位
1565,好房子诚意售 满五唯一税费少 婚房装修拎包入住
1566,降价1房，老业主挂牌，看中再谈价钱，精装修拎包入住
1567,苏州河一线景观房  精装修  全明户型  满五唯一
1568,一梯两户双南两房，满五唯一产权户口清晰到价签字
1569,双南婚房精装，交通便利，配套齐全
1570,静安寺地铁站+中区楼层+精装两室+得房率高+舒适宜居
1571,可看可签，拎包入驻，小区中间位置，前后无遮挡
1572,地铁口，精装三居，少见双卫配置，户型通透，双阳台
1573,徐汇滨江售后公房，无 增 值 税，一梯两户，婚房装修
1574,陆家嘴2房，北看陆家嘴“三大神器”，西看黄浦江景
1575,急售！急售！三湘四季大三房  精装修 税费少 中高层
1576,全明的飞机户型大三房，近地铁，配套齐全
1577,满五唯一税少，精装修，领包入住，五角场成熟商圈
1578,别墅小区 精装中 央空调带车位 带露台阁楼 唯一税少
1579,正虹桥丨精装拎包住丨中间景观位置丨人车分流
1580,水清苑双南两房+满五唯一+全明户型+交通便利！！
1581,精装两房，双朝南，采光充足，空间充足
1582,此房一手动迁，税费少，房龄新楼间距大，小区环境好
1583,满五年买入价高税费少，楼间距大中去采光好。
1584,雅颂小两房 总价低 户型正 17年次新房 开发商装修
1585,新静安 紧靠一号线和中环 满五唯一 户型正气
1586,老干部分房+书香门第+售后公房+户型方正+拎包入住
1587,长寿路04年房龄，地铁口南北通户型，高区视野采光很好
1588,满五唯一++拎包入住++随时可看++前排景观房++诚心售
1589,高品质的精装修房东诚心售卖好房
1590,满五唯一，婚房装修，拎包入住！南北通户型，景观房！
1591,杨思前滩+小区位置佳+阁楼做好+地铁11号线浦三路站
1592,金丰新村 2室1厅 325万
1593,满五年唯一，税费少，三开间朝南，视野开阔
1594,好房子！满五唯一，东边套，采光无影响，诚意出售
1595,绿地集团+品质小区+满五年唯一+精装修+保养好诚意售
1596,此房满两年，业主自住看房方便，近同济大学
1597,江中精装 两房带阁楼 加储物间 视野开阔靠公园 属民乐
1598,两房朝南，南北通不靠马路安静干净，小区独立小公园
1599,满五唯一+看房方便+电梯大三房+近百联配套齐全
1600,此房满五不唯一 嘉定西出门即达 拎包入住 价格可谈
1601,户型方正  视野开阔  拎包入住  诚心出售
1602,徐家汇地段，美罗城永新坊，高品质的生活圈，满五唯一
1603,精装自住，星辰园经典三房户型，位置好楼层好
1604,此房满五年唯一+一梯两户+双南全明+精装拎包入住
1605,满五唯一，南北通透双阳台，精装修拎包入住，诚心出售
1606,双地铁口电梯高区景观房，满五年唯一
1607,卢尔公寓风情街 精装修两房 诚意出售
1608,中高楼层双阳台，精装修降价出售，税少，诚心置换
1609,满五唯一、小区品质好、车位多、出门交通方便、超市
1610,朱桥板块 精装三房 业主自住 品质追求 户型正气 诚售
1611,未用、满五唯一、朝南客厅、中楼层装修拎包入住
1612,一楼带大天井的。边套全明的，简装干净整洁的。
1613,双轨交汇 全明户型 满五税少 低楼层老人起居方便
1614,此房三开间朝南 改动性大，前无遮挡，视野宽阔
1615,中星海上景庭 2室2厅 810万
1616,老静安区04年次新两房，低总价，刷卡入户使用率高
1617,低楼层，无遮挡，南北通，两房通透。
1618,电梯房，一家3口可住，便宜，南北通，满5年，中间位置
1619,内环 新小区 地铁口满五唯一 正对小区花园 精装修
1620,带大花园！进出方便，康泰南北通户型！
1621,嘉华苑优质两房，南北通透，户型正，得房率高。
1622,急售，明强，楼层好，精装修 精品家电 直接拎包入住
1623,满五唯一 一梯两户 厅朝南 近地铁 文峰广场 少见户型
1624,满五唯一，诚心出售，看房方便，婚房装修，得房率高。
1625,精装修加装地暖，户型有改动布局合理
1626,全明好采光，户型正四方，东南通风好，户型响当当！
1627,三林大区+刚需两居室 +好楼层，+600米11号地铁
1628,万达茂旁边、万科物业、满二、税费少、房东诚心诚意
1629,可看江单价低朝南三房业主诚意出售随时签字
1630,滨江板块+品质小区+1梯2户+刷卡到户+2房2卫
1631,一楼带院子，满五唯一税费少，房东诚意出售
1632,水语人家南苑在售精心设计二改三户型 业主诚心出售
1633,此房满五年，售后公房税费少，一室一厅，面积大
1634,满五唯一 正朝南高区两房 售后公房 税费少 近地铁！
1635,长寿路地铁口静安区一街之隔 诚意出售 满五年
1636,宏立自住 居家装修全南两居室 直接入住
1637,房子是报春的小三房，动迁房免增值税，诚意卖
1638,中区正对花园，两房朝南，满五年唯一
1639,此房满五唯一，户型正气，装修配套齐全，交通便利。
1640,圣鑫苑二期 二改三 99平精装房
1641,精装修2房， 小区门口位置，出行方便
1642,如果你厌倦了新天地的喧嚣，就到茂名南路梧桐深处逛逛
1643,顶楼复式，五房三卫，精装修，诚意出售。
1644,共富二村三居室，精装修，拎包入住，带阳光房，近地铁
1645,房型方正  满五唯一 税费少 有产权车位 可单独出售
1646,豫园+高区两房+诚意出售+业主人很好
1647,电梯中区，三开间朝南四房，钥匙房随时看，业主诚售
1648,【960万各付税】【看陆家嘴三件套】【一直自住】
1649,2009年花园社区 东边套 层高3.1米 满五 停车方便
1650,双南两房+双阳台+采光好+视野无遮挡，业主诚意出售
1651,35平大花园 飞机户型大三房 小区中间位置
1652,正气朝南大一居，中间楼层采光佳，业主诚意出售~！
1653,近地铁中间楼精装修南北通户型，适宜居住
1654,精装两房 总价低  看房方便  南北通风  诚意出售
1655,临公园  大宁国际   久光百货  2000年房龄 闹中取静
1656,10号线公园边精装二房，满五年唯一，带储藏室！诚售！
1657,7号线地铁口，非顶非底楼，小区中间，双南小两房
1658,双南两室+采光好+交通方便+生活便捷+诚意出售
1659,店长推荐，高档社区精装修三居室高楼层景观好房！
1660,位置好，此房户型方正，视野开阔，买入价高
1661,新出好房 南北正气两房，房东诚心出售，
1662,婚房装修 电梯两房 近地铁繁华地段 满五少说
1663,杨思前滩+中间花园位置+动迁满五唯一+电梯非底楼
1664,精装修两室一厅  视野开阔全明户型 产权清晰
1665,近地铁，满五唯一，生活便利，优质双南小户型
1666,满五年 一梯俩户 无增值税  总价低  房型正 环境优雅
1667,满五唯一中低层 近地铁 诚意出售 价格可谈 户型正气
1668,全明双带花园 正气户型 花园位置 C位 满五年税费少 ！
1669,进门入室花园，使用面积高，楼层好，税费少。
1670,新挂牌，家里保养好，小区前排，视野开阔，满五年
1671,三林板块+税费少+板式电梯两房+一手动迁+视野采光好
1672,九亭次新小区 近虹桥 三开间朝南 精装带地暖 拎包入住
1673,中环旁，次新房，新出电梯高层两房  采光充足，视野好
1674,精致小三房，高楼层，精装修，满五唯一
1675,近万达  小上海步行街 三轨沿线，交通方便，配套成熟
1676,中山公园板块，中间楼层，位置安静，全明两房
1677,龙漕路地铁口+精装修带地暖+看房方便+诚意出售
1678,满年五唯一，业主精装，税费少，必看好房，高区景观房
1679,自主率很高，一梯两户，二手买进，税费少，业主人很好
1680,九号线芳甸路站，两南一北大三房东边套，动迁，采光佳
1681,99弄新出南北通三房，视野开阔，舒适河景，采光充足
1682,万科南北通三房，满五唯一，采光无遮挡，诚意出售
1683,满五唯一 全明双南两房 位置安静  业主诚意出售
1684,南北通正三方，两卫，中间楼层，看房随时
1685,房子采光好，视野好，户型正气，小区品质好
1686,房子是三开间朝南，两房朝南厅朝南，房子带产权车位
1687,一梯一户，家乐福旁，房间双南，景观楼层
1688,满五唯一电梯精装修，即刻拎包入住。
1689,复式精装修+近地铁+阳光露台+房东诚意
1690,稀有的低楼层商品房，可拎包入住，南北飘窗
1691,全明户型，4楼，一梯两户，满五二分之一唯一，税费少
1692,装修好，总价低，业主诚意，看房方便，有意者诚聊
1693,本周b卖近地铁）西边套全明带花园）看房方便）精装修
1694,精装大三房，满五唯一，南北通，位置楼层好，欢迎咨询
1695,南北通高区景观三房，全屋精装，闹中取静正看汇师校园
1696,双南大两房 花园位置 次顶楼 看房方便 业主诚意卖
1697,金丰蓝庭 3室2厅 397万
1698,公务员社区，双南两房，满五唯一税费少
1699,降价了降价了，电梯精装2房，中高楼层，近期必卖好房
1700,中间楼层，婚房精装，南北通，全明户型，地铁2.10
1701,售后公房 满五唯一 瑞雪居委 双南户型 楼层舒适
1702,静安新城 低总价3居室 婚房装修 格局分明  今天可看房
1703,售后公房 满五唯一 双南双天井 精装修  采光无遮挡
1704,大柏树地铁口，非顶楼全明大2房，婚房装修，满五唯一
1705,大一房带50多平阁楼  上设卧室，儿童房，卫浴，书房
1706,五楼带阁楼+精装+7号线锦绣路地铁口+不靠马路
1707,急售+低于成交价+花园15平+满五唯一+12号线1.5公里
1708,养生豪庭  品质社区，总价低 新装修2年，诚意出售
1709,交通便利，满五唯一，居家装修，通风采光好
1710,满两年，婚房装修，楼层好，南北双阳台
1711,康城一期南北通hao三房 满五唯一 税费少近北门
1712,此房满五年不唯一，好楼层， 一手动迁免征增值税。
1713,满五唯一，拎包入住，二手买入价格高，业主诚意出售！
1714,此房满五唯一 全屋地暖精装修 近6号北洋泾站 中间层
1715,精装南北通三居室，满五唯一，前排无遮挡，带车位
1716,前滩三林+地铁11号线+满五唯一+南北通
1717,步梯房，小区中间位置，通透户型，自住装修，居家保养
1718,松江新城精装大三房，中高楼层，采光充足，视野开阔
1719,电梯两房，中间楼层，置换诚售五星！！！
1720,南北大两房，非顶楼，采光充足，全明户型。
1721,绿地威廉 时尚精装2房 景观楼层无遮挡 地铁步行距离
1722,小区中间位置居家装修，中间楼层电梯房，原始动迁
1723,电梯小高层南北通大2房2卫 满5唯一税少精装修保养好
1724,此房满两年买进价格高税费低 重新装修保养好拎包入住
1725,我是本房负责人，二手买进税费低，两房朝南，看房方便已下架
1726,香逸湾经典小三房。位置好，楼层优，房东急售
1727,地铁站旁边小区 中间楼层 全明全南三房 看房方便
1728,康桥张江前滩+近康桥大润发+18号轨道线+大两房+万科
1729,森兰国际社区+三轨接壤+周家嘴隧道口+景观楼层电梯房
1730,高区景观楼层，二手买进税费少，装修保养好
1731,高区南北两房 通风采光良好 视野开阔 业主诚意出售
1732,地铁口 南北通精装两房 满二好楼层
1733,简欧错层厅  楼层好 春申站500mi  莘庄镇小
1734,电梯中楼层，动迁税少，近地铁万达，诚心出售
1735,南北通，厨明，视野宽阔，楼层好，房型正，诚意售
1736,南北两房，采光充足  视野开阔 精装修
1737,阳光城市家园，一手动迁，满五年唯一12号地铁沿线。
1738,南北通，板式户型，中间楼层，一手动迁税费少。
1739,楼层佳+厨卫全明+采光无遮挡+近1号线+新能源充电桩
1740,比肩翠湖五期，从没住人，业主税各付，看房提前30min
1741,大虹桥板块+地铁口+精装修+房东诚意出售。
1742,边套户型，楼层好，通风，附带车位，视野好，精装修
1743,业主诚意出售，两房朝南，楼层高，视野采光好，税费低
1744,新明星一期中间层南北两房，小区第二排，满五年唯一
1745,卢湾次新房+满五唯一+诚意出售+税费少+婚房装修
1746,旭辉物业+双南两房+房源+改善或婚房
1747,别墅社区 精装修 买一层+一层 格局广  税费少
1748,次新小区 交通便利 灵活格局 诚意售卖
1749,一手动迁无增值税，业主急售，前后无遮.
1750,满五唯一，税费较少，有车位，诚意出售，到价即签
1751,2015年品质小区  中区位置好  已满两年买进价格高
1752,小区环境好， 精装修，业主诚心卖
1753,本地人马赛克房，一梯两户，双南全明户型，中间楼层
1754,双南大两房，小区中间位置，楼层佳，小区的明星户型
1755,南北通飞机户型，使用面积大，有车位可出售
1756,安静位置+中区好楼层+婚房装修+总价低+诚意出售！！
1757,泾南公园，双南三房，品质小区，位置好，绿化好空气好
1758,嘉尚坊两房  精装修  双天井  价格可谈
1759,精装修，满五唯一住宅，一梯2户
1760,满五年不唯一 品质小区 环境优美  精装修 拎包入住
1761,12号线南北两房，两卫，电梯房，小区中间位置
1762,本地人马赛克房，双南全明户型一楼带两天井
1763,此房满五唯一，南北通风，中间楼层，美丽家园小区
1764,边套全明，  南北通透， 满五税费低    采光好
1765,呼吸世纪公园氧吧，中楼层，税费少，近地铁，诚意售
1766,满五唯一，主卧朝南客厅朝南，采光好，三轨交汇
1767,原始动迁，精装两房，小区中间位置，
1768,近地铁精装102平米2+1户型，满五年唯一没有个税，
1769,地铁口 南北两房 精装修 交通出行方便，配套设施齐全
1770,刚需正气两房朝南  装修温馨适宜   简装可拎包入住
1771,楼层好  位置不错新出小三房  业主诚意出售得
1772,万荣小区 2室1厅 350万
1773,曹杨三村(兰岭园) 2室0厅 325万
1774,新上~多层二楼小三房~三开间朝南南北通户型~有钥匙
1775,顾村公园  保利   精装高楼层南北通三房    满五唯一
1776,西木小区 1室0厅 247万
1777,双轨交，前后无遮挡，高品质小区带会所，人车分流
1778,新出房源，南北通透，满五年唯一，采光佳，近九号线
1779,超大三房 楼层好位置佳 房子保养的很新 拎包入住
1780,华亭新家银杏苑 2室2厅 242万
1781,诚意出售 看房方便 精装修 九亭站100米 视野好
1782,小区中间位置，视野开阔，双南全明户型
1783,临沂三村 2室1厅 350万
1784,近地铁 一梯两户 楼层好 精装修 小区中间位置
1785,正旺苑 2室1厅 439万
1786,香山新村东南街坊，低总价小两房，诚心出售，自住装修
1787,田林十二村 2室1厅 385万
1788,原始动迁税费少，房型正气，楼层好，采光好，看房方便
1789,育秀中间楼层，精装修，领包入住，有车位，采光充足
1790,一梯两户 一手动迁 户型正气 中间楼层 看房方便
1791,崮山好房，LCM广场配套，总价低，楼层好，视野开阔
1792,安东小区 1室1厅 280万已下架
1793,耀华地铁 坐北朝南 户型好 通风棒 税费少 满五
1794,楼层好采光好，出行方便，诚意出售
1795,杨思前滩+海悦华庭+精装全配+随时看房+三梯两户便利
1796,汇锦城二期两房朝南+小区前排采光视野佳+诚意出售
1797,精装一房临河，位置好，楼层好，交通方便
1798,总价低 交通便捷 房型方正 临蓬莱公园 诚意出售
1799,楼层好，采光佳，居住舒适度高，出行方便
1800,大木小区 1室1厅 280万
1801,中间楼层 南北通 边套全明 品质小区 车位充足
1802,小区安静位置，一年的婚房装修，可拎包入职
1803,二楼带露台，正气南北通户型，厨卫朝北，采光好
1804,"满五年少税，中间位置，中间楼层,双南户型格局合理"
1805,飞机户型 市场在售两房中的经典户型 邻11号线
1806,你要的带大阁楼 别墅品质小区 户型正南北通透 近地铁
1807,《沿河景观房》《带大花园》《居家精装》《随时看》
1808,"精装修，楼栋位置超棒，新房装修没有住过,看房方便"
1809,德都路165弄 2室1厅 205万
1810,绿园五村 2室1厅 285万
1811,近期必卖！中间楼层！西边套全明一室！户型方正！
1812,三期南北通江景现房，小区蕞佳两房户型，随时安排看房
1813,两梯三户 11年商品房 三期中间位置  满五唯一
1814,地铁小三房+光线充足+东边套全明+精装修+满五
1815,高楼层，视野好，采光充足，地铁沿线，一手动迁
1816,淮海中路一室户+低总价+看房方便
1817,创智坊 少有两房 户型正气 电梯高区 看房方便 税少
1818,此房满五唯一，小区中间位置，采光没有问题
1819,电梯洋房，看房有钥匙，有车位（另算）到价签字
1820,凤庆小区+3楼+沿河位置+出行方便+诚心出售
1821,顶楼复式带露台 超高得房率 好户型好设计好装修
1822,此房满五税少，电梯精装修景观楼层   户型正气
1823,精装修 采光无遮挡  诚意出售
1824,此房精装修，拎包入住，满两年税，居住舒适！
1825,顶楼复式  满五唯一 税费少 近地铁 带租车位
1826,次新电梯房，婚房装修，精装可拎包入住，产权清晰。
1827,十一村难得低楼层两房，精装修。
1828,低总价小三房 精装修花园景观 地铁3/4/8号线快速便捷
1829,新出双南两房，位置好，业主诚意出售
1830,移步乐购超市，地铁口内环线边，中高区楼层
1831,精装三房+采光好+视野好+配套齐全+交通便利
1832,地铁口 此房满五唯一 鸿宝一村总价低，业主诚心出售
1833,首付79万，入住后滩板块，中间楼层满五唯一
1834,小区中间位置 电梯房中高层 双南户型 采光视野无遮挡
1835,婚房，中山公园少见户型，满五唯一税费少，百平两房
1836,中间楼层+诚心出售+业主心善+随时可签
1837,金都花好悦园 2室1厅 295万
1838,三花大三房 中高楼层 单价低 户型方正 业主诚意出售
1839,满五年唯一+近地铁南北通+近地铁+配套好交通好
1840,古北电梯三房 两个卫生间 通透 位置安静 有独立小区
1841,新加坡园 南北通三房 有大花园 房东诚售
1842,一楼带花园，配套齐全，精装两房
1843,楼层好，单价总价低，业主诚意出售，近地铁
1844,外滩滨江+江景房 +高区 +产权车位 +BFC商场+精装修
1845,2010年小区，高区全南户型，带阁楼！
1846,楼层佳，房型正，设施配套成熟，满五唯一，
1847,7/15双轨交，满五唯一，全明户型，三开间朝南！
1848,热门小区  热门户型  出售诚意度十足  欢迎随时咨询
1849,装修风格由您定，东华，便利配套，户型正，税极少
1850,世博好房 精装修  有天井  近地铁  双南二房 格局方正
1851,满五唯一南北通透采光好，临沈梅路购物街和地铁站
1852,户型方正，配套成熟，产权清晰，高层，采光保养好！
1853,急售  非顶楼一房，三轨9、14、6，满五唯一，进入方便
1854,中间位置+中间楼层+税费低+精装两房，自住首*选
1855,双轨交通+全明户型+紧俏小户型+配套齐全+出行便利
1856,满五唯一 总价低 双规交通 和平公园 新华医院  总价低
1857,南北通户型，中间楼层，空气流通采光好。
1858,南北朝向，户型正气，西边套全明，采光通风好
1859,此房满五年唯一，随时可看，交通便利，配套设施齐全
1860,满五近地铁采光好，单价总价低，配套齐全，交通便利
1861,不临高架，有车位，无噪音，西边套全明，一梯三户
1862,七月好房推荐！温馨两房 采光佳 朝南板式楼 税费低 !
1863,北虹桥三轨交花园旁精装大一房总价低户型好
1864,此房地铁8/13号线，交通方便，楼层好，房东诚意出售
1865,精装修，小户型的房子，采光好，绿化高，位置好
1866,民星公园旁，二室一厅带电梯，满五唯一，产权清晰
1867,业主急售，09年次新房，中间楼层，采光充足，随时看房
1868,内环边 近3.4.9号线  精装采光不遮挡 随时可看
1869,南北通户型，中间楼层，万科物业，诚意出售！
1870,3年前婚房装修拎包即住，清爽简易居家风，看房方便.
1871,近地铁 满五唯一 低总价两房 视野开阔 采光充足
1872,一号线500米+南北透气+满五唯一+全明户型+有钥匙
1873,满五唯一+精装修+中楼层+位置安静
1874,双轨交，南北通，税费低，诚意出售
1875,御桥张江前滩，建平商品房两房，满五唯一，户型正气
1876,阳光威尼斯二期，朝南小两房，采光好，诚心出售。
1877,售后公房，没有增值税，房型正气，仅靠地铁
1878,奥林匹克花园 2室2厅 366万
1879,水泥楼梯中间楼层+邻江浦路紫荆广场新华医院诚意卖
1880,天钥新村 2室0厅 320万
1881,杨思前滩+双南飞机户型+满五年唯一+业主诚意出售
1882,南北通，中间楼层小两房，诚意出售
1883,浦江世博家园十三街坊 电梯高层非顶楼精装 一动迁少税
1884,精装修一房 产权清晰 采光无遮挡 业主诚意出售
1885,免个税+电梯高层采光好+户型方正+诚意出售随时可签
1886,宝钢式的一居室，采光好，无遮挡
1887,精装一室户 中间楼层 同济医院 配套成熟
1888,高区视野好，采光充足、地铁300米、南北通、方便看
1889,东陆新村二街坊 2室1厅 239万
1890,满五唯一没有个税+小区位置好+诚意出售
1891,精装修拎包入住小一房，采光好，位置佳，交通便利
1892,8号线大世界站+电梯朝南一室户+售后公房+满五唯一
1893,地铁400米   97年原建   厨卫朝北全明户型
1894,动迁房无增值税+一梯两户+无遮挡双南两房+诚意出售
1895,绿地品质，五轨交通，双阳台 配套齐全，中楼层采光好
1896,非顶楼，近地铁，全明厅有窗，满五税少 两房朝南
1897,昌邑精装小三房 总价低，满五唯一 全明户型
1898,房东诚心出售，高区景观，采光充足  产权清晰
1899,配套设施齐全，双南两房，采光好。
1900,南北通板式房+地铁口12.3号线龙漕路 +东边套双阳台。
1901,哇塞！眼光不错哦，方便看房，南北通，欢迎来访！
1902,一手动迁税费少 电梯高层 诚意出售
1903,花园住宅 日月光购物广场就在旁边 南北板式两房
1904,高区景观房，老静安小户型品质小区，诚意售。
1905,一梯两户+近地铁（4/7号线）+83年房子+业主诚意出售
1906,93年新工房+一梯三户房型好+低总价精装修+看房有钥匙
1907,户型好，近地铁，交通便利，配套齐全，带天井8平米
1908,1/4/11号线交错+93年房龄+一房一厅+采光通风好
1909,高楼层一房，视野好，采光好，有钥匙看房方便
1910,老卢湾，总价低，看房方便，售后公房，诚意出售
1911,钟和公寓，大3居2露台，保护建筑，近淮海路，有钥匙
1912,东镇小区 2室1厅 580万
1913,新上架  龙阳CBD辐射  二楼  近地铁 业主诚意出售
1914,00年商品房，一梯两户，有钥匙，总价低，诚意出售
1915,华升新苑，双楠户型，采光好，满五唯一，精装修
1916,双南一梯两户，售后公房，中间层，欢迎咨询房源详情
1917,边套全明，采光无遮挡，中楼层，钥匙，南北通.
1918,仅有边套毛坯 南北通 楼层高 采光好 毛坯自己装修
1919,美邻苑小区目前唯一在售一房，总价低，前后无遮挡。
1920,新房近地铁 南北通 采光好视野好 看房提前联系
1921,小区中间位置中间楼层，采光好，正规三房。总价低。
1922,静安区静安寺商圈，单价5万9，净层高3米1，满五唯一
1923,宁武小区小户型两房 全明两房，楼层高，采光好
1924,底楼层  南北套 房龄新  和平公园  新华医院
1925,次新小区，满五唯一，采光佳，看房方便。
1926,房子一室户 户型无改动 视野好 俯瞰绿色
1927,徐家汇地区优质双南三房有钥匙房
1928,婚房装修三年，高层无遮挡，9米大阳台，全天采光，
1929,4楼  小区位置好  精装拎包入住   双阳台 得房率高
1930,地铁613号线双轨口 一梯三户 居家装双南
1931,地铁口优质双南户型，售后公房，税费少
1932,世纪大道站，税费少，中间楼层，闹中取静，屋况佳
1933,楼层好+采光好+近地铁口+学驱房+随时看房
1934,教科研+ 厨卫全明+三楼+地铁4/12
1935,带两个阳台，带露台，南北通，总价低，诚意出售
1936,双南两房，全明有窗，户型方正，近地铁，随时看房
1937,满五唯一，边套一房，面积大，采光好，交通便利
1938,少有电梯大三房，两南一西带大厅，诚意出售
1939,简装3房，前后两露台70平米，产权清晰。看房方便
1940,张江南+11号线秀沿路站+一房南北通+多层中等楼层
1941,高区南北双阳台 满五唯一 近西门 出行便利
1942,温馨小三房，繁华地段，景观楼层，满五唯一，诚意卖
1943,内环内电梯三房 房型正气 楼层好 业主置换诚意卖
1944,御桥张江前滩+一手动迁+有钥匙+品质小区+到价签字。
1945,采光充足中间楼层，户型方正，交通便利，小区配套齐全
1946,近地铁中间楼层田字格户型两房  房型方正
1947,紧俏房型，大四房，客厅南北通，带地下产权车位
1948,满五唯一税少，有钥匙，随时看房。
1949,中山公园 带装修 中间楼层 采光好 价格可谈
1950,国顺路395弄  总价低 均价低  户型好 业主诚意
1951,汇枫公寓，13年房龄，产权清晰，无户口，楼层好。
1952,新凯城钟秀苑边套户型有钥匙随时好看房房主诚意出售
1953,6号线7号线高科西路站，满五年不唯一南北通，采光好！
1954,朝北一门关，使用面积大，诚心出售
1955,满五唯一，金三银四的位置，明厨明卫。业主诚意卖房
1956,电梯两房，户型方正，交通便利，配套齐全
1957,上外高区一线江景+全明朝南两房+诚售+不错的选择哦
1958,保质保价的纯商品房小区，中间楼层，中间位置
1959,99年房龄，边套南北朝向，采光充足，满五年唯一，
1960,满五唯一，全明格局，无抵押无贷款，诚心出售。
1961,96年小区，江苏路地铁口，一层三户，看房方便，满五年
1962,玫瑰湾，总价低，价可谈，诚售，看房方便，税费少
1963,航华榜前三名，低总价两房，满五年唯一售后公房
1964,满五唯一，看房提前预约，精装修，欢迎大家来看房
1965,新上火热房源 一年出售一套 高区视野无遮挡精致三房
1966,满五唯一+两室一厅+中间楼层+户型正气+采光视野好
1967,海桐++附30平面积+顶楼复式+精装修拎包入住！
1968,好楼层，楼间距大，松江万达商务区！免个税经典大三房
1969,三林板块+中间楼层+满五唯一+看房方便+全明户型
1970,精装一改二， 产权清晰 精装修 诚意出售 看房提前预约
1971,大虹桥扩展区，人车分流社区，一梯两户，精装修，
1972,一梯两户，中间楼层，两房朝南，售后公房税费少.
1973,南北互通，采光好，透气性佳，随时可看
1974,全明双南，中楼层，税费较少，拎包入住
1975,玫瑰少有南北满五两房 无遮挡采光充足，诚意出售。
1976,新凯二期 精装修 大两房 满五唯一 领包入住
1977,真房实价 近地铁 已斡旋两波客户 简欧奢装 诚售
1978,杨思前滩+税费低+业主自住+看房方便+中间楼层
1979,滴水湖馨苑二期2+1户型、人车分流、精装修、采光好
1980,南北通，飞机户型，房东急售，满五唯一，采光好
1981,此房南北两房采光好，户型好，楼层好，交通便利靠地铁
1982,A+全明好房，售后公房，满五唯一， 低楼层，绿化高
1983,房子拎包入住，看房方便，交通便利，全明户型。
1984,中间楼层+ 小区中间位置＋附一楼储藏室＋ 属于民乐
1985,南北边套两房，位于高区，视野开阔，采光通风好
1986,闹市静谧，森林氧吧，金桥难得三房
1987,一手动迁，税费少，不靠马路，高楼层，采光好，地铁口
1988,名都新城南北通三房朝南板式户型采光充足满五唯一
1989,满五唯一，保养好，诚心出售，店长力荐房源。
1990,浦江坤庭三期+精装三房+沿河景观+带车位+一梯一户
1991,一手动迁税费低+位置佳+通风好+采光无遮挡
1992,西边套全明户型，一梯三户，二楼带露台实用性比较高
1993,多层带电梯，南北通透 落地窗 采光无遮挡 地暖+ZY空调
1994,一楼带花园，采光不挡，南北通，房龄新。
1995,公园3000黄兴花园 2室2厅 820万
1996,10号线地铁口+精装修+拎包入住+双南两房+满五唯一
1997,松乐苑小区中间位置，南北房，满五唯一，采光好！
1998,带25平露台+边套+全明+次顶楼+中间位置
1999,延吉东路125弄 2室1厅 295万
2000,新出 动迁三居室 边户型东南北三面采光 两卧室朝南
2001,新上03年商品房，不靠马路，近地铁九号线，南北户型
2002,南北户型+烫金楼层+出门地铁15号线+全明户型+随时看房
2003,20多W装修 满五唯一 总价低 双南户型正气 近地铁
2004,南北户型精装修两室，视野开阔，位置安静。
2005,长寿路内环内小一房 二手买入  视野好看苏州河
2006,南北通风效果好，视野开阔，小区安静位置，近18号线.
2007,乐业一村 满五唯一 精装修 地铁3号线
2008,“少税房” 索菲亚定制 大金空调 西门子 东方雨虹防水
2009,房子满五唯一，无增值税无个税。自住装修，随时可看
2010,业主诚意出售，联系我随时可看房，价格可谈
2011,双南两房，视野开阔，金沙江路站，环球港旁
2012,楼层好，位置安静，房型正气，满五年
2013,精装修西边套全明户型，婚房装修，南北通风，
2014,11号线马陆站，恒大品质，精装带地暖
2015,链家热房，满五唯一，精装自住、看房方便
2016,大三房+只给链家卖+提前约方便看房子+产权车位
2017,小区中间位置，满五年非顶楼，通风采光好，诚意出售
2018,满五唯一，精装修南北两房，拎包入住，格局方正
2019,徐汇滨江 02年小区一梯两户 地铁3/12号线 诚售
2020,蓬莱苑六楼带阁楼露台，阳光房，03年现浇房。
2021,荣乐小区双南2房，户型好，诚意出售，慢到手无
2022,只交契税，双南通透，带花园，拎包入住，方便看房
2023,满五唯一    精装自住，诚意出售
2024,非顶楼，近6，9号线地铁，边套全明户型，阳光充足
2025,金羽名庭 2室2厅 940万
2026,满五年唯一，花园位置，精装修，置换急售
2027,总监推荐2017新房 南北通 车位多 人车分流  满三税少
2028,精装一房一厅 开放式厨房  带阳台
2029,位置好，正对小区花园，安静舒适，亲近自然
2030,满五年唯一+中间楼层+东边套全明+南北通透+诚意出售
2031,茂名公寓，高区户型南北通，满5唯一，方便看房
2032,满五唯一 总价低 一居室 中楼层 前排无遮挡 采光好
2033,黄兴公园南北通大三房+大润发+中间位置+ 8/10号线
2034,6号线德平路站 双南双阳台  精装 业主诚意出售
2035,阳明花园商品房 450万可以买到电梯3房 六号线地铁口
2036,中间楼层+精装修+东边套全明户型
2037,万荣小区 2室1厅 390万
2038,东欣小区，一房房型，业主诚意出售，此房满五 中层
2039,宝林二村 非顶楼 小区中间位置 采光好
2040,正南京路上+高区看千平湖景+全天采光不挡+看房方便
2041,房屋位置佳，有花园，使用面积大，b区，业主诚意
2042,精致三加一户型+离江100米+生活配套齐全+房型方正
2043,房东诚心出售 价格可以谈 复式带露台 房型正气
2044,售后公房，高区三南户型，采光视野均佳，看房方便!
2045,优质户型税费少热门小区抢手房源*近降价交通便利。
2046,标准一房 满五唯一 诚意出售 精装修 看房方便
2047,此房房龄新，一楼带天井，近地铁，配套齐，交通便利
2048,1+1小两房+户型正+价钱好+好出手
2049,杨思前滩+中环内+近地铁+位置好楼层佳+配套成熟
2050,高品质小区  一梯两户 南北全明  采光无遮挡
2051,满足一次购屋的渴望住一辈子的家，唯有住万科城市花园
2052,业主降价诚售 内环内04年人车分流 稀有全南大两房
2053,满五唯一精装修，近地铁，楼层好，采光佳，得房率高
2054,此房满五唯一，税费少，中间楼层，装修好可拎包入住
2055,超高品质小区，公交直达小火车 带产权车位
2056,徐汇公园道一号，近1号12号漕宝路站，次新房
2057,罕见双南户型，位置好，楼层佳，诚意卖
2058,13号线祁连山南路站50米，电梯南北通，高区景观
2059,证大二期少有的三房两卫户型，南北通风
2060,满五唯一 中高楼层 景观户型 近地铁 看房方便 精装修
2061,徐汇滨江总价低正三房 业主诚意出售 满五唯一
2062,总价低，近地铁，税费少，内环内小户型。
2063,全明南北通户型，视野较好，全天采光无遮挡。
2064,距离地铁近的大两房 楼层好  户型正气
2065,品质小区位置好，南北双阳台，采光佳，景观三楼
2066,内环内+东边套+精装修+南北通透+诚意出售+带大院子
2067,高区景观四加一户型，中鑫位置，厅面宽8米彰显正气，
2068,满五税少精装一室半，不靠路楼层好，不占用，诚意出售
2069,适合多口住，精装烫金楼层，直昇梅陇，让孩子领先一步
2070,满五年唯一免个税，花园洋房带电梯，后排靠河景观
2071,一手动迁税费少 购房成本低 中间楼层 视野开阔
2072,一手动迁  中间楼层  毛坯三房，动静分离
2073,建平 电梯2楼  三房 滨江 小区带有花园
2074,税费各付，户型方正，前后无遮挡，诚意卖
2075,三室一厅，屋顶有平改坡，房源南北户型，主卧带阳台
2076,金虹大厦高区景观三房满五唯一税费少
2077,三齐全紫荆广场 医院新华医院 地铁8.18双轨交通
2078,南北通板式房+地铁口12.3号线龙漕路 +双阳台。
2079,四和新上架正气两房+朝南看小区花园+各付价
2080,低楼层 采光充足 交通便利 位置安静
2081,必看好房，正气三房，南北通格局，有车位，看房方便
2082,一楼带50平花园，房型方正，精装4房 有钥匙随时看房
2083,南北户型，楼层好，通风好，采光好，业主诚心出
2084,精装4年带地暖可拎包入住，满五唯一，业主变现诚售
2085,顶楼带阁楼，两个大天窗东边套全明  精装修
2086,店长推荐：售后公房满五唯一，小区中间位置，南北通透
2087,09年花园社区 南北通透板式住宅 二梯二户车位充足
2088,御璄品质大平层，近地铁，双车位，高绿化，优质物业。
2089,金地天字系列平墅 精装直接入住
2090,电梯一房东边套全明，有钥匙看房方便
2091,首付22万+诚心卖+房子满五+小区位置好+近地铁+配套好
2092,朝南主卧、楼层好、三房采光无遮挡，6号14号双轨交会
2093,大宁城三房 满五少税，业主诚意出售 看房一般都方便
2094,全新装修 博世地暖 大金中空调 板式飞机户型 采光刺眼
2095,总价低一房 刚需性需求 有xue区名e
2096,温馨两居室，带露台带阁楼，近青浦新城地铁站
2097,满五唯一+税费低+双地铁+配套齐全+中楼层+南北通两房
2098,星河三期小高层 南北两房，一梯两户，业主诚意出售
2099,鹤北二街坊，看房方便，业主诚意出售
2100,婚房装修+拎包入住+内环内8号线18号线+适合小夫妻
2101,森兰绿地的法式精装+额度有放心用+ 详情请来电咨询
2102,正看公园，南北通4房，全明户型，层高3.6米，烫金地段
2103,新装修、楼层好、面积大总价低、房龄新！容易贷款！
2104,三林前滩御桥，中间楼层，精装修，南北通透，全明户型
2105,满五唯一+近地铁4号线+近黄浦江滨江大道+边套全明
2106,内环内高区景观房，朝南双阳台，精装修，诚意出售
2107,长寿路地铁口，日月星辰小区，精装修大两房，户型方正
2108,东边套全明 满五不唯一 中间楼层 房龄1996年
2109,双轨地铁+全明南北通+精装修+自带公园+1梯两户
2110,内环内+首付140万+带电梯双南向+双阳台
2111,莘城公寓三开间朝南且南北通户型满五唯一业主诚意出售
2112,总监推荐+4/8号双地铁+40万精装+满五唯一+看房有钥匙
2113,满五唯一，税费少，近地铁，配套成熟
2114,高层景观 南北通透 1厅2房朝南 满五唯一 房东急售
2115,Good very good 纯毛坯 小户型
2116,一梯两户 视野佳采光好 精装修 好房子
2117,满五唯一 中楼层大一房 自住好房子
2118,丝庐雅苑二期+全南精装修户型+诚意出售
2119,满五唯一，双南两房，采光无遮挡，居住感觉好
2120,莘沥路20弄三房，看房很方便，业主诚意出售
2121,精装修采光好  全明户型  售后公房  新普陀+ 梅陇
2122,此房满五年，低楼层，中间位置，安静舒适，诚意出售；
2123,满五唯一+精装两房+全南户型+税费少+诚心出售
2124,地处惠南镇中间，地段繁华，配套完善，出行便利，急卖
2125,虹桥花苑楼层、位置、税费、装修、户型蕞佳的一套
2126,此房满五唯一，好楼层近地铁，朝南主卧采光很棒！
2127,15年的次新房，景观楼层，户型正气，带有地下产权车位
2128,中原二房全明户型 ，老少皆宜， 户型有优势！
2129,二梯队、楼层好、双南户型，去年新装修
2130,满五唯一 税费少 精装修 小区单价低总价低 诚心出售
2131,南码头滨江版块  南北全明两房 诚意出售
2132,总价低，税没，小区位置佳 业主婚房装修  近世纪大道
2133,楼层佳+位置安静+新天地入门小户型+需求量大！
2134,9/12号线，双南两房，满五唯一，精装，教科院，南洋
2135,杨思前滩+CBD+三轨交汇+房龄新，楼层好，采光足
2136,业主急售！非顶层，85年房龄 内环内 近地铁
2137,地铁口精装两房朝南，设计装修考究，寻找对它好的主人
2138,南花苑 全明户型精装修大三房 业主诚意出售 随时看房
2139,花园安静位置！一梯两户！边套全明附带29平天井
2140,精致小两房，非底楼。近地铁1.2公里，配套齐全
2141,满五唯一，婚房装修，两房朝南飞机户型，厅南北直通
2142,急售！ 婚房装修2年，税费少，配套成熟+2号线双站台
2143,总价低，楼层好，成交快，无户口，可迁入
2144,一梯两户，地铁7号线，采光充足，视野开阔，诚意出售
2145,一梯二户+昌平路地铁邻近+位置安静
2146,小区中间位置+楼层好！户型佳业主诚售
2147,普陀顶豪！小区少有小户型！税费少！业主诚意！价可谈
2148,7号线顾村公园站步行500米到家
2149,经典户型 税费少 看房方便 拎包入住 户型方正
2150,北虹桥＋双轨交＋满五唯一＋全明户型
2151,龙之梦虹口足球场地铁口 品质朝南一门关 中间楼层
2152,7号线一梯两户+精致装修保养好+复式楼上不在产证面积
2153,少有小户型+高区观景房+近地铁3\4\7镇坪路+近绿肺！
2154,双秀西园B区 三大广场  地铁1公里
2155,满五唯一，次新小区，小区四面环水，环境优美
2156,全明户型，花园位置，业主自住，带车位，满五年唯一
2157,中等楼层，房东诚意出售，随时看房
2158,中间楼层，南北通逶户型，采光好，地铁近，景观房
2159,高区+南北通+满5唯一税费少+双地铁+随时可签
2160,东荷小区：精装一房，中间楼层，业主置换出售
2161,真实房源：地铁口+户型方正朝南+无增值税+交通方便！
2162,店长推荐 边套全明 婚房装修 业主诚意出售 随时可看
2163,精装修，南北通，不靠路，采光好，到地铁口30米
2164,"原始动迁，双南户型，拐角阳台，近地铁,配套齐全。"
2165,9/13马当站，闹中取静，中间楼层，精装朝南，视野开阔
2166,康桥张江前滩+满五唯一+东门位置+视野宽阔+采光无挡！
2167,地铁口，南北通，总价低税费少，中间位置楼层好
2168,近地铁，电梯房，楼层好，精装修保养好，拎包入住，
2169,新天地小户型+电梯朝南+温馨装修+前排视野开阔
2170,金玉满堂，一个温馨而舒适的家，等待您的光临
2171,鹤沙优选：电梯高层，两房毛坯，总价低，诚心出售
2172,房东诚心出售简单装修两房 全明正两房！！！
2173,满五年， 高区全明户型，面对花园，近地铁8号线！
2174,总价低 北滨江 位置好 不靠路 业主诚意出售
2175,梅陇七村 南北精装修 位置安静 业主居家自住
2176,电梯小洋房总高7层，动迁满五税少，位置好，采光佳。
2177,龙之梦边上+全明两房+精装修+非顶楼+诚意出售！
2178,内环内，精致朝南一房，精装修拎包入住，满二唯一
2179,张江南近11号线精装落地窗无增值税诚意出售看房随时
2180,精装修满五唯一 9号线小南门地铁站 业主诚意看房方便
2181,售后公房+中间楼层+近3+8号双轨地铁+龙之梦
2182,小区花园位置，双南大两房，位置安静，采光通风好
2183,一梯两户 满五唯一 精装修  看房方便 诚意出售
2184,三湘三期正气电梯两房+小区环境优美+满五唯一诚意出售
2185,边套南北通，精装，全明，总价低，方便看房，诚意售
2186,实惠正气大两房++满5年唯一+税费低+三条地铁+急售中
2187,静安区一室半，近地铁，配套齐全.
2188,品质社区，天然氧巴，精装修，拎包入住，位置佳，
2189,杨思前滩+小区位置好+中间楼层+看房方便+满五唯一
2190,前排景观房，精装修自住，采光好 一手动迁+满五年
2191,近颛桥站+视野开阔+户型正气+全新装修满2年+诚意出售
2192,售后公房，省税，高区观景房，采光好，业主急售
2193,精装带地暖  总价低，税费少，近S3高架，南北通带阁楼
2194,户型方正 厅超大 朝南采光很好 免个税 精装可做三房
2195,龙湖天街旁 临港自贸区 中层电梯房 视野开阔
2196,潍坊一村，边套一室户，精装修，中间楼层，采光无遮挡
2197,三年时间仅出来一套、收藏级别、综合因素无可挑剔
2198,森兰国际社区三轨交接户型正气 业主诚意出售 位置优越
2199,满五唯一 没有户口 房型正气 诚意出售
2200,售后公房+满五唯一+房型正气+采光好+全明+楼层佳
2201,地铁口3/4/11号线，2013年精装修，少税温馨两房
2202,精装一房（非顶楼）+地铁一号线+看房方便
2203,南面临河南北通小三房，楼层佳，婚房装修，诚意出售
2204,一梯两户，双南双阳台，房型正气有大平台，诚意出售
2205,杨思前滩+CBD+低楼层+带花园+满五唯一
2206,满五唯一，售后公房，提前约都可以看，诚意出售
2207,朝南，采光好，满五唯一，总价低，诚意出售，看房方便
2208,网红装修，中间楼层，视野开阔，近地铁，拎包入住
2209,新天地繁华地段+二手买进税费低+精装修拎包入住
2210,满五税少 世纪大道2469地铁 得房率高 不临街诚意出售
2211,管弄新村，五六街坊，满五唯一，近地铁，业主诚意出售
2212,满两年 低楼层 配套齐全 交通便利
2213,此房不靠马路，位置安静，明珠，诚意出售
2214,售后公房税费少，楼层好，南北通透，无遮挡
2215,地铁口 满五唯一  位置好 环境好 生活方便 品质
2216,3/8号地铁沿线，双南户型 婚房装修拎包入住
2217,中间楼层，双南户型，清爽装修，产权清晰
2218,御桥+张江+前滩：地杰经典双南两房，满五年唯一，
2219,满五年，税费少，小户型，总价低，诚意出售
2220,三林板块+税费少+板式电梯一房+一手动迁+视野采光好
2221,全员主推+一梯两户+满五年+业主诚意+好楼层四楼
2222,一楼带花园，房东诚卖，精装修，小区位置好，采光好
2223,近小区大门，出行方便，带车位，业主诚意出售
2224,史上好房东，婚房精装修，品牌家电家具，满五唯一
2225,满五唯一 精装修 ，视野开阔，一梯两户，正气一房
2226,惊！！！精装修+全明户型+厅15平+近地铁+欧尚+公园哦
2227,业主信任链家诚意出售，满五年唯一，看房基本随时可看
2228,京浦小区 2室1厅 373万
2229,非顶楼 售后公房 样板房装修 温馨小窝 诚意出售
2230,近地铁，  满五年不唯一，精装修的电梯房
2231,买进价高 满五唯一 使用面积大 自住装修 税费少
2232,三林前滩御桥+精装修+顶楼带阁楼+采光好+近地铁
2233,电梯双南两房，小区中间位置，20万精装修，双轨交汇
2234,南北双阳台全明两房+精装修+98年板楼+不靠马路+低总价
2235,正规两室一厅，西边套，交通便利，诚意出售
2236,满五唯一+南北通+采光好+税费第+配套好
2237,新出三房 非顶楼 南北通透 一梯三户 未占用额度
2238,南北通，采光通风好，装修拎包住
2239,M8江月路一房配套设施全居家一房
2240,聚焦好房   万顺水原墅  精装  一居室  诚意出售
2241,双南两房，满五唯一没有个税，售后公房没有增值税
2242,通风好，前后采光无遮挡，车水马龙寻一处安居之所~
2243,满五，双南房，视野好，楼层位置好，随时看，户型好
2244,梅园三村建西，一居室的欢乐，总价低
2245,张江南+11号地铁站满五唯一两房。业主诚心出售
2246,急售 电梯高区 南北通  精装zhong央空调
2247,济南路8号 1室2厅 1328.8万
2248,杨思前滩+满五唯一+位置安静+南北飘窗+诚意出售
2249,安阁苑一楼带20平方大天井，满五唯一税费少，诚心出售
2250,精装修，交通便利，边套，总价低
2251,此房源七村稀有小户型，业主诚意卖房，价格可谈
2252,2010小区难得的一房，有产权车位。看房提前约看房方便
2253,精装修，满五唯一，税费低，锻炼楼层，采光通风好！
2254,满五唯一+视野俱佳+楼层好采光好+价格便宜+看房方便！
2255,此房满五唯一，精装修，楼层佳，视野不挡，全明户型.
2256,精装修40多万 满五唯一 位置好 近地铁 看房方便
2257,M8联航路江月路 中间楼层两房 诚心出售
2258,房龄新满二年省税楼层好采光好南北朝向
2259,低楼层+位置好+诚意出售+适合居家
2260,浦南+浦明，不靠马路，采光好 业主诚售 随时看房
2261,御桥前滩张江+聚焦大一房+中高层采光好+落地大阳台！
2262,满五唯一 精装修 电梯双南大两房 房龄新 小区环境好
2263,一手动迁，满五年不唯一，楼层好，位置好，次顶层
2264,2号线，低总价一房，诚意出售方便看
2265,精装修 业主诚意出售 满五年唯一
2266,御上海精装修 满五年唯一 税费少 房东诚心出售
2267,此房满两年，前排别墅区无遮挡，精装修，有车位另算
2268,随时看房精装修南北2房楼层好户型正气楼层好采光好。
2269,鹤沙精选，店长推荐：近地铁16号线低价两房，有钥匙
2270,满五年唯一无。税，近地铁双南户型，不靠马路环境安静
2271,杨思前滩+CBD+居家装修+双南两房+全明户型无遮挡
2272,双房朝南，视野开阔，采光好，宜居好房
2273,五角场售后公房满五年唯一+1999年房龄+3.5米房宽
2274,房子满五唯一，精装修 诚心出售
2275,崧泽华城逸泰雅苑（二期） 1室1厅 147万
2276,三林前滩辐射+满五唯一税费少+三轨交通+业主诚意出售
2277,近地铁站  一室户 业主诚意出售
2278,装修好，户型棒，南北通透，产权清晰，
2279,小户型低总价，配套齐全，交通便利，通风采光好
2280,【优中选优】、半年出一套、教育、落户满三年。
2281,朝北一门关+总价低+中楼层+产权清晰+诚意出售
2282,小三房+满五唯一+售后公房+五楼+西边套全明户型
2283,链家专属 西环三村精装一房 53平195万 户型好 价可谈
2284,首付49万+22号线+百联+满五唯一+中楼层+15平储藏间
2285,售后公房、满五唯一、正规双南双房、近地铁
2286,沁春园二村 双南全明两房 精装拎包入住，看房方便
2287,户型正  南北通  业主诚意售
2288,可看可签，**可用，自住装修，业主诚意出售
2289,漕河泾开发区，近地铁，精装修，满五年唯一
2290,全南户型小两房，户型方正，精装修，景观楼层
2291,东诸安浜路+地铁2/11+南北通+带15平露台+产权清晰诚售
2292,楼层好可以看到东方明珠，总价低，全明，诚意卖
2293,满五年唯一，属于普宅 ，带有露台，精装修，位置好
2294,南北格局通透，视野宽阔，采光充足，诚意出售
2295,南北格局，楼层好，视野开阔，配套齐全
2296,御桥+张江+前滩：馨华苑经典一房，一手动迁无增值税
2297,满五唯一，景观楼层，视野开阔，精装修拎包入住
2298,杨思前滩+近六号线灵岩南路+高品质小区+中楼层+精装修
2299,宜川一村的一室户，通风好，采光好
2300,满五唯一，采光好，南北通全明户型，楼层好，中装修
2301,精装湖景房+南北通户型+中间楼层+品质小区
2302,厨卫有窗对户外+边套+单价总价低+近4.6号地铁
2303,岳阳路77弄 2室1厅 822万
2304,厨卫朝外，采光无遮挡，配套设施齐全，交通便利
2305,前进小区 1室1厅 254万
2306,上理   8号线   满五   总价低   诚意出售
2307,崮山好房，一南一北小两房，上下楼方便
2308,急卖，业主要还抵押 楼层好，装修好
2309,售后公房+精装修中间楼层+全明户型+业主诚心出售
2310,满五唯一 精装南北两房 税费少 带花园
2311,精装一房一厅，满五唯一，看房方便
2312,虹桥路地铁站，满五年唯一，双南双天井，拎包入住。
2313,一房精装修，电梯高层，满五唯一税费少
2314,世博园双南两房中间楼层，采光好
2315,品质小区，南北大两房，楼层高，采光充足，居住舒适
2316,银都新村(8至10区) 2室1厅 270万
2317,双南两室，三号线八号线双地铁，配套完善
2318,敦化路4弄 1室1厅 135万
2319,欣乐苑业主自住精装一房，业主诚意出售，带价来谈
2320,客厅主卧朝南看江景，百万装修，有产权车位。
2321,满五唯一，免征个人所得税，看房基本方便。
2322,"黄浦区，长乐路底楼带花园；花园入户；掛 ,易出租"
2323,浦东新片区泥城优质两房   乾耀东港中高层  随时看房
2324,繁华商圈，配套成熟，白银二楼，诚意出售，适合老人
2325,顶楼复式，原始4房格局，带60平大露台，精装保养好
2326,07年的次新房，南面无遮挡，付款周期可谈，随时看房
2327,内环内 滨江板块  全新房  新装修 阳光城品质
2328,好房子！边套大三房，近徐家，采光好，诚意出售，
2329,内环双轨交，95年原建，双南户型采光充足，一梯四户
2330,精装两房 拎包入住 边套全明 视野开阔无遮挡
2331,四方新城，三房急售，南北通，带地下产权车位.
2332,高区次顶楼∣特殊南北通∣带大露台∣唯一税少∣方便看
2333,此房满五不唯一，全明户型明亮。精装修 视野开阔
2334,此房三房朝南+小区央座+商品房+近地铁13线张江路站
2335,小区总价低三房，业主诚意卖，看房有钥匙
2336,大发融悦+有钥匙+已满二+没有住过
2337,三林前滩御桥+满五唯一 +双南户型 +近地铁
2338,南桥新城板块和自贸区板块，业主诚心出售
2339,双南两房 中间楼层 诚意出售 看房方便
2340,此房税少，近地铁站，一梯两户，利用率高，全明户型
2341,凉城近江湾地铁站，宜居全明户型，采光通风无遮挡
2342,A校，低总价、单价、税费，超惠两室，诚意出售！
2343,御上海大学城地铁站 较新小区，环境较好 ，出门方便
2344,番南小区经典两房一厅户型，户型很好，一南一北。
2345,世纪公园全景房 精装修带地暖 链家房源 附带车位
2346,老人年纪大了，委托孩子出售房子，诚意出售，价格好谈
2347,近地铁，三房两卫 看房很方便 诚意出售 满五唯一
2348,三开间朝南，两房南一房北，客厅南北通。视野开阔！
2349,次新小区，业主诚意出售，价格可谈
2350,满五年唯一，税费少，高区楼层，视野佳。
2351,内环内+低总价+带院子一房+满五年
2352,这套不看必后悔、单价低、校门口、三佳二期一梯两户
2353,高区沿河南北通景观房，视野开阔，位置安静，看苏州河
2354,花园位置，两房朝南，中间楼层，户型正气，全明，税少
2355,聚焦好房  沪南船舶小区 三房 小区 位置好  诚心出售
2356,三林板块，一手动迁，税费低，楼层好，居家装修
2357,此房满五年 双南户型 一梯两户 近地铁 看房方便
2358,东边套，中间楼层，满五唯一，采光好，业主诚心出售
2359,全南户型 满五唯一 采光好 精装修 地铁7号线 业主诚意
2360,愚园路江苏路地铁站东诸安浜路北汪小区两房诚意出售
2361,精装修 大三房 满五唯一 中间楼层
2362,税少，交通方便，生活便利，拎包入住，诚意出售
2363,大三房，飞机户型，三代同堂，舒适度高
2364,多六个平方 精装修南北两房 边套全明 采光好诚意出售
2365,内环内小3房，低总价，边套全明，采光好，无遮挡
2366,采光充足。配套设施齐全，户型方正，
2367,此房 满五唯一 税费少 得房率高 使用空间大
2368,双南户型，电梯房，楼层景观好，配套齐全
2369,品质小区 业主诚意出售 配套完善
2370,景观房   采光好    视野好  配好全
2371,金领国际 两室精装，视野开阔，看房方便 拎包入住！
2372,双南户型 楼层好 诚意出售 看房方便
2373,满五唯一 中间楼层 有钥匙看房方便 业主诚心卖
2374,荣信虹桥世嘉，2016年薪小区，漕河泾开发区地铁站
2375,梅六小区   南北全明2房，业主诚意出售，看房方便
2376,住在一个温馨的全南三居室，给您不一样的居住体验
2377,精装修低总价，房东诚心出售.看房方便
2378,满五不唯一  中间楼层 厨卫全新装修 诚意出售
2379,2006年后次新房  中间楼层  户型方正 业主诚意出售
2380,面积小总低，采光好，房东诚心出售，满五年，唯一，
2381,小区经典户型，购房成本低，视野开阔，采光充足
2382,总价低+地段好+钥匙委托+中区南北通+产权车库另算
2383,一手动迁税费少，中间地段，带装修，诚意出售
2384,满五年+ 交通便利+房型正气 +房东诚意出售+随时可看
2385,近地铁 景观楼层，采光好房东诚意出售，户型正气
2386,文兰小区+白天全明+每间双窗+厅不对厨卫+地铁46号线
2387,建华公寓南北通两房，上海桐，满五唯一税费低，精装修
2388,"两房中低楼层，带露台和地下室，得房率高,随时可看"
2389,双南双天井，诚意出售，看房方便，就等有缘人
2390,满五唯一，精装修两房，看房随时
2391,中城绿苑 2室2厅 568万
2392,小区洋房，复式户型，使用面积大，带大露台，车位
2393,一手动迁，顶楼靠马路，全明户型，无抵押无户口！
2394,一楼双南双天井+户型正气+诚意出售+钥匙随时看
2395,单价低 两房一厅 边套全明户型 位置好 交通便利
2396,售后公房，高区景观房，钥匙房，刚需首推。
2397,售后公房税费少，宝钢双南全明户型，非顶楼，无遮挡
2398,无增值税 楼层次顶楼 视野采光十分好
2399,挂牌即底价  好房推荐  双南户型   精装修
2400,二手买进税费少，满五唯一，全明两卫有钥匙
2401,视野宽阔，采光充足，使用空间大
2402,三林板块+CBD+楼层好+一手动迁+税费少+中间位置
2403,此房满五唯一，产权户口清晰，南北两房，近地铁
2404,近地铁精装修，品质小区，边套全明，楼层好，看房方便
2405,精装修拎包入住，近地铁500米，满两年，看房随时
2406,陕西南路建国西路+凯德打造楼盘+满五唯一+双卧朝南
2407,一梯两户，内环边，双南，业主诚意出售
2408,楼层好，位置佳，通风采光无限好
2409,通河一村+一楼天井已达+小区位置好+诚意出售+厨卫全明
2410,两南一北，房东二手买进，税少，急售，钥匙房
2411,新理想优质好房，楼层好，视野好，看房方便
2412,低楼层，地段好，适合老年人养老，年轻人过渡也不错
2413,仁恒一期中区西户大三房，满五年唯一，自住保养好诚售
2414,欣佳宝邸 电梯房 精装修 近满天星广场 生活方便
2415,北虹桥板块双朝南温馨两居，客厅两卧朝南，厨卫全明
2416,新挂牌 朝南带阳台 一房格局 一梯三户 看房方便
2417,视野棒，楼层好，采光好，税费少，价格便宜！
2418,好楼层+满五唯一+小区中间+诚意急售！
2419,03年商品房电梯房，满五年，85路终点站，直到陆家嘴
2420,人民广场地段，采光好，诚意售。空关中高区。随时签
2421,婚房装修税少+采光好+7号线+13号线+随时看房+急售
2422,打浦桥地铁站350米+品质小区+户型方正+诚意出售
2423,中间楼层 小户型总价低单价低 近地铁百联 诚意出售
2424,陆家嘴商圈 边套全明户型 中间楼层 新装修两房
2425,内环内3/8沿线，板式南北通1梯2户，厨卫全明，好房！
2426,一楼带天井，天井已经建好带有两个窗，采光好！
2427,精装修，满五唯一，采光无遮挡，诚意卖
2428,精装修小两房+一楼带花园+一梯两户
2429,此房屋 ，朝南电梯1房，低总价，地铁近8号线4号线
2430,凤庆小区一梯两户二楼精装修拎包入住售房置换诚心出售
2431,新青浦世纪苑， 楼梯房得房率高，小区坏境好，配套齐
2432,3楼 店长主推东边套 品质小区 绿苑  满五唯一 诚意出
2433,房东诚心卖房，户型方正，楼层适中。
2434,内环内 大悦城边 中兴路地铁近 满五唯一 楼层佳
2435,内环内小户型一房，房龄新，税费少。
2436,单价低至6.5万 地铁高区大三房 老西门板块 必卖好房
2437,外环内地铁口大三房+中间楼层采光充足+满五年税费少
2438,五角场十全明户型十挑空可搭阁楼十有露台十人车分流
2439,海派青城电梯三房临河景观房、边套采光视野佳！
2440,康桥宝邸 一手动迁 无增值税 业主急售 价格可谈
2441,内环内+普通住宅+满五不唯一+得房率高+楼层好
2442,一房一厅 精装修 拎包入住 楼层好 业主诚售 单价低
2443,汪家井双房，采光好，交通便利配套齐全
2444,此房南北一房，全明户型，采光好，位置佳
2445,田林十村近地铁9号线 中间楼层 全明一房
2446,杨思前滩+CBD+三轨交汇+带花园+中间位置+交通方便
2447,近11/14（在建）/15（在建）号线  适合老人居住 自住
2448,建电梯，双南户型，双阳台，万达商圈，诚心出售
2449,杨思前滩 南北通精装两房 板楼 一梯两户 06年小区
2450,满五唯一，税费少，楼层好，采光视野好，诚意出售
2451,美丽家园改造过，环境好，近地铁，中间楼层朝南带阳台
2452,总价低，单价低，内环内，小区安静位置，不靠轻轨
2453,此房满五唯一 南北全明格局，楼层高，视野宽阔采光好
2454,近地铁，楼层适中，配套齐全，装修好
2455,水岸家苑 3室2厅 250万
2456,一梯两户，7号地铁，功能间都有窗，采光好，诚意卖
2457,凌云新村，五楼+全明户型+诚意出售
2458,满五唯一 南北通格局 全明户型 采光通透 产权清晰
2459,非顶楼，满五唯一，精装修，自住保养好，看房方便
2460,电梯大两房，看房方便，婚房精装修
2461,张江南，近11号线，20万精装修，满五唯一业主诚心卖房
2462,中间楼层位置佳，出行方便配套好
2463,非顶楼 南北两房 客厅有边窗 厨卫全明
2464,此房满五唯一，厅中有窗，全明户型，诚意出售。
2465,满五唯一 近地铁 交通便利，属于中内环  售后公房
2466,悦来小区低总价好房 满五年少税费 共享滨江配套随时看
2467,低楼层 居住方便 满五年  诚意出售
2468,中楼层，总价低，精装修一房，近地铁8号线适合小夫妻
2469,中间楼层，南北户型，出行方便，必看好房，诚意出售
2470,南北三房 中间楼层 精装保养 诚心出售 价格可谈
2471,价格低 诚意出售两房 看房方便 户型方正 交通方便
2472,11年次新房，正气大两房，有钥匙，邻万达商圈
2473,业主急售 精装婚房  大一房  采光充足   配套齐全
2474,此房满五唯一 前后200米无遮挡 森林景观
2475,衡园南北套三房 业主诚意出售 花园小区
2476,精装修拎包入住 满五唯一 采光无遮挡 业主诚意卖。
2477,双南   全明两房，精装修 随时看房
2478,19年50万精装修，视野开阔。满五唯一、格局方正。
2479,双南两房，优质楼层，满五唯一，采光温馨，地铁十号线
2480,欣苑大三房，南北直通，业主诚心出售
2481,边套全明电梯两房，配套成熟，2/10地铁双轨交通
2482,三林苑（二期） 1室1厅 295万
2483,龙南七村 3室1厅 495万
2484,二楼售后公房 小区中间位置 南北通 户型好
2485,板式南北通2房，全明户型，看房方便，诚售
2486,海滨新村 满四唯一 业主诚心出售 看房方便
2487,电梯顶楼复式带阁楼、7号线轨交旁，精装修，南北通
2488,店长推荐+南北直通+楼层采光佳+装修保养好+正对花园
2489,泰欣嘉园 3室1厅 1618万
2490,好房推荐，总价低，诚意出售 电梯房
2491,房子是三房朝南，诚意出售，价格可谈。
2492,近地铁500米 3楼南北两房 不靠马路 看房咨询维护人
2493,低楼层双南房，居家装修，走路可达地铁站出行便利
2494,业主诚意出售 提前预约方便看房 商品房小区环境好
2495,中间楼层+安静位置+板式户型+满五唯一+9号线合川路
2496,双南全明，高品质小区 适存相伴，3楼，近地铁，带车位
2497,视野开阔，采光好，税少，有客厅
2498,浣纱四村 3室2厅 630万
2499,精装大2房  税少 俯视公园全景   房东诚售价格可谈
2500,南田公寓带83平独立精装阁楼，近步行街上学方便
2501,新华小区（龙吴路5599弄） 3室1厅 296万
2502,此房满五年唯一，随时可看房，楼层好，交通配套齐全~
2503,捡漏好房：南北两室带厅，无瑕疵，业主急售
2504,满五唯一精装修＋安静楼栋＋看小区花园＋地铁直达地库
2505,店长推荐+全明三房+中间楼层+近轨交
2506,满五唯一+动迁+三楼大两房+精装拎包入住+南北通
2507,边套全明户型，一梯两户，采光充足，视野宽阔
2508,满五年唯一 带一个车位  诚意出售  看房方便
2509,房子是1999年的房子 1梯2户得房率高 地铁12号线地铁
2510,地铁口，精装修三房，南北通透户型，楼层好视野宽阔！
2511,房子楼层好，采光无遮挡，带精装修，领包入住
2512,此房小区中间位置+前后无遮挡+自如精装修+诚心出售
2513,满五年唯一  税费少  中间楼层  采光好  中间位置
2514,虹旭小区 2室0厅 275万
2515,中间位置，2001年的房龄，风穿堂而过，满五年唯一
2516,2008年竣工，电梯三楼带200平露台，无遮挡近地铁站
2517,当代高邸，中间层南北通两房，7、15号线双地铁
2518,近地铁、满五唯一、大四房，装修保养好
2519,正对小区园林，天然氧吧！有产权车位！有钥匙看房
2520,交通便利，景观楼层，户型正气全明格局
2521,精装修，南北通透，东边套全明，近2线威宁路站
2522,荣顺苑三房两厅两卫，业主诚意出售，看房提前预约
2523,12号线地铁口 全明两房 诚心出售 看房子方便
2524,精装大两房，满五唯一税费少，诚心出售随时可看
2525,精装修，采光好。单价低，就医出行方便，购物便利
2526,满五唯一+楼层好+户型正气+小区位置好+房东诚售
2527,徐汇日月光+1/12号线地铁口+中间楼层+满五年税费低
2528,内环内+精装修南北2房+齐齐哈尔+公园边+地铁口
2529,象源丽都带车位，南北两房，小区位置安静，采光充足
2530,武定坊低总价一居室，随时可看随时可签。诚意出售。
2531,二村小户型，精装小复式，业主自住，看房方便
2532,小区五年出一套 业主诚意 满五年 临水 聚柴 带车位
2533,紫气东来运势好，采光通风好楼层
2534,视野开阔，满五唯一，一手动迁，税费少，诚意出售
2535,笋盘，必卖好房！双南户型，精装，售后公房，满五年！
2536,一房朝南、简单装修、交通便利、诚意出售
2537,御桥张江前滩+满五唯一，大两房 带装
2538,电梯房 + 售后公房 + 满五唯一 + 近地铁
2539,非顶楼，难得好户型，边套又全明，装修好，诚意出售
2540,房东急售！！满五唯一！！含地下储藏室！
2541,此房满五唯一，精装修，业主有自荐优点，看房方便
2542,杨思前滩+CBD+三线交轨+满五唯一+全明户型
2543,业主诚意出售+南北通两房+店长推荐
2544,一手动迁税费低+电梯高楼层采光赞+通透户型好+诚售
2545,Oh my god  双飘窗 现代简约大两房 Come on
2546,次顶层，毛坯宽景洋房，三开间朝南，低密度小区
2547,美丽星城，南北正通大三房，业主诚售，随时可看房
2548,总价低 楼层好 小区安静位置 视野开阔
2549,朝南全窗，楼层好，位置好，装修精美，拎包入住。
2550,小区是1997年竣工，建工集团建造
2551,双南户型，前面小区的绿地，商品房小区，三轨交通
2552,次顶楼，采光充足，买入价高，增值税少
2553,三朝南，户型好，非顶楼，采光通风佳，拎包入住
2554,双规交通，小区位置好，双南大两房，梦想的家
2555,瑞虹怡庭 次新房 空调+地暖 高区全南2房 视野开阔  ！
2556,精装修 满五年唯一 客厅宽敞 采光好 安静 看房随时
2557,钥匙房价格低，免增值税个税，看房随时
2558,主推好房子，满五唯一，中间楼层，精装修直接入住
2559,杨思前滩+中环内+近地铁+位置楼层佳+2010年次新小区
2560,华亭公寓精装大两房，边套，采光棒，有钥匙，税少
2561,前滩辐射+南北小两房+总价超低+一梯两户楼层好采光好
2562,双南两房 ，总价低 ，户型易改，易租宜自住
2563,带60平阁楼，六楼精装修，业主自住，满五唯一！
2564,和平小区(徐汇) 1室1厅 230万
2565,银丰苑 1室1厅 220万
2566,成熟社区 电梯次新房 中间楼层采光好 诚售
2567,桃浦后十村 两室户 入户优先考虑站！快看看
2568,装修时尚清新风+户型通透+前后无遮挡+房东诚意出售
2569,2011年次新电梯房，中间楼层，正对小区花园
2570,前滩张江后花园，御桥板块，双轨交通方便，配套齐全
2571,诸新三村 2室1厅 265万
2572,楼层好，位置安静，南北通风，全明户型  满五唯一
2573,坐拥前后滩+ 7/8/13号交汇+出租好房+采光无遮挡
2574,正阳二期：2房朝南，满五唯一，精装修，价格可谈
2575,【低总价】98年商品房_双南带花园_黄浦滨江南园公园
2576,东体小区，房龄新，户型方正，配套完善，出行方便
2577,1号线【店长推荐】2楼 近地铁业主一梯两户诚意出售
2578,次顶楼，视野采光好，中间一室户，出门就是百联商场
2579,三林前滩板块+非顶楼一梯两户+全明户型+业主诚意卖
2580,独栋单元、户型正气、全明户型、业主诚意出售
2581,电梯两房朝南+精装修+近地铁+可拎包入住+电梯房
2582,南北两房通透格局，产权明晰，看房方便，诚意出售
2583,双卧朝南，精装修，中间楼层电梯房，无增值税个税。
2584,85年 户型正气  两房南 近8号地铁   中间楼层
2585,欧式与日式的融合，宽敞明亮中间楼层，宜居宜家近地铁
2586,一手动迁＋中间位置＋南北通＋次新小区环境佳＋税费少
2587,97年的房子  双南户型   采光好  非顶楼   房东诚售
2588,精装修边套两房视野好，业主置换诚心出售，看房方便
2589,2012年次新小区，南北户型高楼层采光好，视野无遮挡
2590,新上一房好楼层+全明户型+一梯两户+售后公房
2591,御桥前滩张江+大三房两卫+墅级客厅+满五唯一+圆弧飘窗
2592,满五1/2唯一 总价低 采光佳 诚意出售 看房方便诚意卖
2593,刚需一房楼层高户型好，采光好，楼层敞亮
2594,内环内滨江板块 电梯小高层  业主诚意出售
2595,房子在北门口 出行方便 满五税费少 看房方便
2596,《产权70年》《民水民电》《不占购房 》《靠地铁》
2597,中间楼层南北通两房+小区中间位置不临街+税少
2598,板式精装双南两房＋飞机户型＋大阳台＋出行便利栋距宽
2599,15年婚房装修保养好，一手动迁唯一，近地铁6/13号线
2600,下一套成交 南北通 中间楼层 满五唯一税费少 不靠马路
2601,拎包入住  环境好  户型好 诚意出售
2602,锦苑小区+一梯两户+南北两室一厅+满五年唯一+诚意出售
2603,视野开阔，看苏州河花园，精装修中yang空调+带地暖
2604,临湖户型的双南，房子满五唯一，中间楼层，前后无遮拦
2605,精装4年（南北户型）+已做2房，近地铁1号线+诚意出售
2606,品质小区，高区南北三房，精装修，河景房，拎包住
2607,链家优选  电梯复式房 满五唯一 税费少 诚意出售
2608,精装修，西边套，真香，采光充足，满五唯一，真的香
2609,此房满五唯一，双南户型，格局方正，采光充足。
2610,唯一一套底楼一房，适合老人居住，不爬楼大天井
2611,御桥+张江+前滩：小户型房源，一手动迁
2612,坐拥前后滩+诚意出售+满五唯一+全明户型+通风凉爽
2613,买房就是买地段，内环内，70年住宅产权，四号线房龄新
2614,配套成熟，诚意度高，户型佳，采光通透性好！
2615,次顶楼+户型方正+满五年唯一+诚意出售
2616,满五唯一 中海品质商品房 装修保养好业主诚意出售
2617,三林区域+低总价一室一厅+低楼层+改两-室
2618,彭浦板块 共康三村 一房一厅 中间楼层
2619,小区中间位置，正看花园，一梯一户刷卡入户
2620,育秀三区 精装两房 位置好 价格低  采光充足
2621,售后公房 双南双天井 边套  亮厅 随时看房 看中可谈
2622,14年新小区，人车分流，精装修 高区景观房，南北通
2623,永福路近湖南路绿荫环抱梧桐树两房全朝南户型免增值税
2624,09年品质小区 刚需一房 满五唯一税费少 诚售价格可谈
2625,内环精装修一梯三户近地铁，售后公房满五唯一
2626,婚房精装修，小区中位置，中楼层，业主自住，硬装全留
2627,三林板块+前滩辐射+中间楼层+位置安静+单价低
2628,非顶楼小一房，总价低，户型正，近地铁，诚意出售
2629,精装修，朝南一室户，厨卫全明，高区视野采光无遮挡
2630,双东明户型 .中间楼层.不临街.精装修.产权清晰
2631,幸福公寓2010年婚房装修，卫生间干湿分离，楼层采光好
2632,内环低总价小一房，全明户型采光好，看房方便
2633,世纪公园 2号线 采光充足 满五唯一 诚意出售
2634,桃浦七村雪松苑，采光好，诚意出售
2635,金京路站双南两房  精装满二  拎包入住
2636,精装修自住！产证满五年唯一！看房方便！
2637,内环内/北滨江板块/14，18号线准地铁口/满五不唯一
2638,北滨江14号线地铁口/70年住宅/近滨江公园/只在链家卖
2639,尚东国际名园（一期） 2室2厅 848万
2640,凤城三村 1室1厅 165万
2641,此房近地铁6号线，出入方便，边套全明，户型好
2642,花园旁楼层好，南北通，客厅宽敞，业主置换，诚意售
2643,近七号线上大路800米，上海大学一路之隔，错层大两房
2644,12年高品质小区，人车分流，交通便利，对花园采光好。
2645,(满五唯一)无个税 中间楼层不靠路 花园位置 全明户型
2646,93年标杆社区+整体舒适+中层+总价低+4轨交汇
2647,内环内公园旁，采光好。高区电梯2房，地铁站在楼下
2648,南北精装一房，满五，8号线地铁口，自带花园，诚心售
2649,住在森林-世茂09年水晶宫，精装大两房带车位诚意出售
2650,南北户型 一梯两户 视野开阔 采光无遮挡 地铁线
2651,低总价 大一房 无遮挡 近公园地铁 业主诚意出售
2652,双轨交通  格局好，房型正，视野开阔，采光充足
2653,新静安区一室一厅小区带公园非顶楼+车位多环境好
2654,总价低  大一室  精装修  南北全明户型
2655,浦江花园1室户，5楼居家装修，产权清晰，随时可签
2656,88年电梯一房，超大阳台，采光好总价低，业主诚意出售
2657,南北通透，飞机户型，电梯三楼，光线明亮，得房82%
2658,两室一厅 中间楼层 有装修 全明户型 出行方便
2659,次顶楼 一梯一户 私密性高 临河位置 前后无遮挡有钥匙
2660,非底层，采光无遮挡，婚房精装拎包入住，近龙湖天街
2661,中间楼层，标准户型，适合自住，未用，总价低
2662,绿地精装修四房，带车位，品质高，房龄新
2663,诚心出售，看房方便，价格可谈，
2664,：内环内 采光棒 税费少 交通方便 产权清晰 诚意出售
2665,张江南+11号线秀沿路地铁口，花园位置，景观房
2666,此房满五年唯一，自住装修，采光好，诚心卖
2667,中间楼层 配套齐全 诚心出售 拎包入住
2668,户型好，使用面积多，税少，电梯房，交通便利
2669,低总价非顶楼+税费少+采光好+近地铁
2670,南北通透 全明户型 中间楼层西边套 近徐家汇 诚售
2671,满五年唯一， 厨卫全明，视野开阔，交通便利适合居家
2672,毕加索一期精致一房 三口之家优选  精装修 高楼层的
2673,东边套户型  一室半  房子朝南  采光充足
2674,后滩板块 世博馆 地铁8/13号线双轨 低楼层一房 ！！
2675,稀有户型方正，总价低，3/4/7号线地铁站，品质小区
2676,业主诚意出售，南北户型，客厅比较大，高区全明户型
2677,04年次新房，总价单价低，1房改2房，采光楼层，位置佳
2678,88年小区，中间楼层，朝南采光好，小区安静，适合自住
2679,园林式社区，业主诚意出售，看房随时
2680,急售 大三房两厅两卫 满五 全明户型 采光好 位置佳
2681,满五唯一 婚房现代装修 地铁780米 配套成熟
2682,会包容的小户型，才装的下不讲道理的爱情
2683,三大商圈，九轨交汇，低总价，电梯精装产权一室户。。
2684,此房满两年，户型方正，交通出行方便
2685,新凯四期 全南两房 税费少 纯毛坯 有钥匙 诚意出售
2686,今日笋盘+楼层佳+经典户型+诚意出售
2687,塘和家园登云苑 2室1厅 185万
2688,张江南+11号地铁站全南一房带阁楼，业主诚心出售已下架
2689,一品漫城，经典一房，近地铁，电梯南北通，诚心出售
2690,东边套，中间楼层，全明户型，必看好房，满五唯一。
2691,小区模范楼栋，南北通边套全明手，楼道很干净，好谈
2692,昌吉东路地铁站的小两房，满二，业主诚意出售
2693,经典户型，中间楼层，厨卫全明，距离地铁近
2694,小区中间，位置好，采光好，飞机户型两房，诚意出售
2695,奉贤新城 森林氧吧 便宜宜居两居室 有钥匙看房随时
2696,黄兴公园中间楼层近地铁站房已订好等您来看
2697,双南户型  边套中间楼层  看房方便  采光很好
2698,一梯六户+精装修+非顶楼+南北通+全明户型+业主诚意
2699,新出  总价低+楼层好+随时看房
2700,双南房，精装修，采光好，诚意卖。
2701,满五唯一， 电梯高层朝南采光好，没有个税没有增值税
2702,经典一室户，商品房精装修可以直接入住
2703,瑞和锦庭-西区 1室1厅 160万
2704,此房满五年不唯一 全明户型 楼层好 看房方便
2705,店长推荐，南北小户型，有钥匙，必看好房，近地铁
2706,唐家宅小区 1室0厅 250万
2707,品质小区  高区边套全明一室一厅 大露台 有车位
2708,西边套全明格局  精装修 三轨交汇  诚意出售
2709,房子是全明户型，康健繁华地段，满五年，采光无限！
2710,地铁1000米，采光好，两房朝南+厅朝南，随时看房
2711,急售高区楼层，双南2房，户型正，采光无档，3条轨交
2712,纯公积金，首付16w，独门独户，带车库，业主诚心卖
2713,总价低+轻轨站+环球港+5轨+税少+小区干净+内环内
2714,低楼层+业主诚意出售+天井有围墙
2715,楼层适中 阳光充足 出行便利 看房方便 诚意出售
2716,带暖气 楼层好 优质一房  产权清晰满五年！诚心出售
2717,满吴唯一，楼层好，小区中间位置，厨卫全明，看房方便
2718,百年国宾道 ，楼层好，诚意出售，看房提前预约
2719,主卧朝南大一房+总价低+带景观阳台+诚意出售
2720,上南八村 2室0厅 280万
2721,南北两房+总价低+位置好+诚意出售
2722,中间楼， 双南户型，钥匙房，随时可看可签
2723,金丰苑装修一房+户型方正西边套+一手动迁税费少+实惠
2724,爱法二期 阁楼房近花园视野开阔
2725,精装修二楼诚意出售，采光好，适合中老年客户拎包入住
2726,梅陇二村 1室1厅 209万
2727,电梯2房+高层景观+采光好+全南户型+近地铁+成熟商圈
2728,五岭小区 1室1厅 305万
2729,链家主推本小区此两房，有钥匙，前排，满5年唯一
2730,杨思前滩+满五唯一+采光充足+随时看房
2731,小区安静位置正气一房，一梯两户，格局方正，诚意售
2732,电梯两房，房子满五年唯一，交通生活方便，产权清晰
2733,店长推荐，84年原建，好贷款，近地铁，出行方便
2734,三楼+户型方正+南北两房+得房率高+诚意出售
2735,有钥匙随时可看 中高楼层采光好 总价低业主诚心出售
2736,1梯2户，南北通户型，房东诚意出售，近中环百联，
2737,杨思前滩+超低单价+看房随时+停车方便
2738,内环内地铁口+朝南大阳台+中间楼层低总价+采光好
2739,产权一个，户口无，旁边公交，菜市场，超市一应俱全
2740,单价可见！！朝南一室一厅，采光通风佳，热门小区
2741,新出笋盘，南北通户型带阁楼，拎包入住，看房有钥匙
2742,品质小区 位置安静 税费少 近地铁公交 生活便利
2743,售后公房 产权清晰  视野开阔  户型整齐 业主诚心出售
2744,地铁6号线+采光充足+视野开阔+配套成熟+小区中间位置
2745,汇锦城两房+中低楼层+采光视野佳+业主诚意出售
2746,静安区康平小区一室户，中间楼层，满二不唯一
2747,2房朝南，次顶楼无遮挡，无贷款，业主诚意提前约
2748,南北通风采光好！全明户型！交通，商场，公园配套齐全
2749,售后公房+房东诚意+地铁口+价格漂亮
2750,精装修  钥匙房 诚意出售 近地铁3.4.7号线
2751,近地铁，低总价，非顶楼，配套全
2752,张江南+11号地铁线秀沿路站300米，新小区，有产证
2753,此房格局好，满五唯一，双南房，有租赁车位，看房方便
2754,大一房，一室一厅，楼层好，采光佳，房东诚意出售
2755,前滩、康桥、中邦城市园、低总价、万科物业 交通便利
2756,鐡飞人西木小区喜鹊低楼层南一室户采光好中间位置安静
2757,徐汇：南北两房+边套全明+采光好，通风好，楼层好！
2758,云汉路 小户型 多层带阁楼 利用率高 采光充足无遮挡
2759,随时可用，采光好，满五年唯一，近六号线博兴路
2760,小户型 全明的户型 全天采光 中高区看滨江
2761,楼层好+位置好+售后公房+满五唯一+看房方便
2762,满五唯一诚意出售 配套齐全 一楼自带天井 交通便利
2763,龙柏四村 笋盘 四楼 正规一房 正南正北 全明户型！
2764,装修简约时尚+采光通透+视野开阔+居住舒适
2765,杨思前滩+8号线杨思地铁口+看房方便+诚意出售
2766,曹路新出两房 一手动迁 楼层好 位置佳 毛坯好装修
2767,精装可租6200。闹中取静聚焦推荐。7.8日满2税少诚售。
2768,精美一室户，看房方便，户型正气，业主诚意出售
2769,园南一房+总价低+位置好+近上海植物园+有钥匙+急售
2770,余庆路104号 2室1厅 890万
2771,陆家嘴精装修大两房，户型通风好，诚意出售
2772,房源真实，价格真实，这样的好房子你还犹豫什么呢？
2773,买一层附加一层地下140平，小区中间位置，采光无遮挡
2774,精装两房，带电梯，满五年唯一，配套齐全，交通便利
2775,边套采光好+自住装修+近13号线张江站+小区央位
2776,单价4.8万+近地铁+满五唯一+标准两室一厅
2777,近地铁，近来福士，95年新公房，一室户带大阳台，
2778,一楼带天井，南北小两房，房好近地铁，意满又心足。
2779,精装南北户型，采光充足，拎包入住。
2780,95年小区，地铁口，税费较少，精装。
2781,（优选）飞机户型，电梯三房，婚房装修，满五唯一
2782,满二年，房东想尽快出售，价格可以谈，看房有钥匙
2783,近地铁，精装六复七带阁楼和大露台，位置好，满五唯一
2784,满五唯一，带阁楼，两室一厅，带露台。
2785,公园道二期，开发商精装修，大金空调地暖，地铁1.12号
2786,天科苑全南两房，位置安静，看房提前预约业主诚意出售
2787,满五唯一+中间楼层+厨卫全明+南北通透+诚意出售
2788,次新小区，品质小区，采光通风良好，简装三房
2789,松江大学城近地铁 满五唯一税费少 小区中间  精装地暖
2790,静安区地铁口全南大两房+内环总价低面积大+能谈价急卖
2791,临平板块，中高区三房采光好，邻地铁海伦路站4/10号线
2792,地铁口采光好装修六年房东自住业主置换诚心出售
2793,一梯三户 边套全明 采光无遮挡 配套齐全 诚意出售
2794,秀枫精装大两房，进公园，满五唯一，地铁300米
2795,视野开阔四楼，双南或南北通户型，全天看房，钥匙房
2796,两卧室朝南，厅南北通，品质小区，诚意出售。
2797,小区中间位置+户型正气+总价低+看房方便+有车位另算
2798,"金山卫万达广场,业主诚意出售，产权清晰，品质小区"
2799,户型好面积无浪费双南夹厅 三开间朝南 近地铁配套齐全
2800,金巷小区 大三房 户型正气 边套 采光好 满五唯一
2801,品质三房，满五，自住保养好，可看房，诚心出售
2802,刚需客，上班族的集结地 总价低 房型正 距离地铁近
2803,康健美丽户型二房一厅，一梯二户，中间楼层，中间位置
2804,2016年次新房+中间位置+满二年税少+有产权车位。
2805,大两房朝南+户型正气+满五唯一+配套成熟+近地铁
2806,有车位，采光无影响，满五唯一税费少
2807,地铁22号口半小时直达南站+低于市场价+带15平阁楼
2808,双南两房，税费低，小区中间位置。
2809,"房龄新1994年，满五年,税费少，近地铁，配套设施齐全"
2810,华山路稀有小户型，总价低，地段佳
2811,高楼层采光好，双南户型，税费少，诚心出售
2812,凉城板块近江湾地铁站，一室带厅全明户型，满五税少！
2813,装修半年！超大客厅！客餐厅分离！采光好！
2814,业主急卖双南户型大两房 12线地铁口 商品电梯河景房
2815,双南两房 两房同宽 总价低 采光不挡 视野开阔
2816,满五唯一没有个税+中间楼层+南北通风户型好
2817,电梯房，次顶楼，2008年小区，近地铁站！满五唯一！
2818,装修精良 采光充足 温馨舒适 业主诚心卖
2819,临港新片区，精装修未住过，户型方正，南北通风
2820,二师高区电梯两房房，房型方正，看房方便
2821,疲惫的身体，一房来治愈，一梯三户，你可以背她下楼
2822,金杨十街坊好房，格局方正，位置安静，交通方便
2823,育秀六区，精装三房，近南桥汽车站，乐购超市人民路
2824,四轨交汇 花园位置 全明户型三房 精装修 诚意出售
2825,临港泥城商品精装大2房诚心出售，看房方便
2826,小区目前面积大，环境优美，业主诚售
2827,育秀六区再上好房全明户型中楼层巧设计诚心售价可谈
2828,玉兰香苑二期，3房。位置佳。业主诚意出售。
2829,地铁口，宝龙商圈，房子满五年唯一税费少
2830,总六层（实际爬楼4层），精装修，现浇房，有露台
2831,徐家汇内环内+精装修+东边套全明+满五唯一+随时可看
2832,新双南双天井，一梯两户精装修4年，一手动迁满五唯一
2833,近地铁+中间楼层+售后公房+全明户型+采光好
2834,毛坯房，可以安心装修，都有直接采光窗，3面采光
2835,经纬三房朝南 南北阳台 中楼层 转角飘窗 配套齐全
2836,满五唯一+小区位置安静+楼层好
2837,龙阳花苑正气三房！全明户型！！！
2838,全明户型  边套厅带窗户   南北通透   近一号线地铁
2839,此房带22平大露台，婚房装修，2楼，全明户型。
2840,惠南地铁口 精装三房 户型正气
2841,万寿七区小两房小区已经改造好近世纪联华楼层好单价低
2842,电梯三房精装修可拎包入住，满五年，明厨明卫通风好
2843,银都精装三房，不靠马路出入方便，业主诚售
2844,三轨交汇+满五唯一+不靠路+精装两房+诚心卖
2845,此房三开间朝南 户型好 采光好配套齐全
2846,双南电梯房+地铁500米+总价低+出行便利
2847,品质小区高区楼层，房型一改二已做好，位置好采光佳
2848,此房满五唯一 小区中间位置安静无遮挡 精装修
2849,满五唯一，无个税，景观房  拎包入住
2850,双南户型 两房朝南 房东诚心出售 公交直达1号线
2851,一手动迁省税电梯8楼小区位置好南北两房南北厅
2852,房改售房 直通户型  银四楼层 近地铁 价格可谈
2853,"店长推荐ViP房,业主诚意，满五唯一，无遮挡采光好"
2854,一楼双天井，南北两房，地铁800米，装修保养干净
2855,此房三房朝东南 安静无噪音 出行方便 配套齐全
2856,品质小区*少有的1+1户型*前后无遮挡*视野好采光好
2857,静安烫金地段 近地铁出行便捷 高得房率 居住感佳
2858,普陀区 金莲坊 次顶层全明户型+诚意出售+自住品质
2859,中间楼层，采光好，南北通，三开间朝南业主诚售
2860,中楼层精装南北两房，满五年唯一业主诚意出售
2861,小区中间位，三开间朝南，精装，可拎包入住
2862,7.2平米房间不计产证 店长推荐 满五唯一 高层景观房
2863,杨思前滩+品质小区+开发商统一精装+中yang空调+新风
2864,售后公房，免增值税，精装修双南户型，拎包入住。
2865,新上好房！婚房装修，诚心出售，必买好房
2866,高楼层，视野佳通，透格局好，满两年，税费少
2867,满五年不唯一，精装修南北通，诚意急卖，提前预约看房
2868,三林板块+万科物业+近轨交+大型商场旁+总价低商品房
2869,满五税低全明两房，采光好，总价低，中间楼层，近地铁
2870,价格根据付款方式可谈，满五唯一没个税，小区中间位置
2871,两房朝南，拎包入住，楼层好，采光好
2872,康城一区大两房 满五唯一，前排无遮挡，景观房
2873,育秀六区+中间楼层+西边套三房+一手买进+固定车位
2874,此房房间全部朝南，客厅也朝南，视野开阔，次新房
2875,明珠中层+花园位置附露台+满五唯一+诚售可谈
2876,自住装修，诚心出售，看房方便，满五年
2877,满五唯一免个税，通风好，采光足，看房方便
2878,双桥精装两房 楼层好 小区白菜心位置 看房方便
2879,2005年 商品房小区，双南户型，中间位置，带产权车位
2880,满五年唯一 采光通风好 配套设施成熟齐全 交通便利
2881,急卖！地铁口，南北通风透气，便宜卖
2882,三开间朝南，税少，双地铁，新普陀 梅陇，小区中间位
2883,满五唯一 双南全明户型 视野宽阔 配套成熟
2884,满五唯一税少，正气全明户型，近地铁，看房方便有钥匙
2885,中间楼层全明2房，售后公房满五年一套税少，十四街坊
2886,陆家嘴陈家宅小区精品2房，业主诚意，房屋保养好！
2887,南北通两房，无抵押，地铁10号线200米，诚意出售
2888,2014年次新电梯房，采光充足，业主诚售
2889,2008年商品房小区，房型方正，精装修可拎包入住
2890,一梯两户得房率高全明户型+价格实惠+楼层好
2891,此房满五唯一业主自住装修采光好配套齐全诚意出售
2892,户型正 朝南中楼层 低总价两房 诚售价可谈
2893,双南边套，全明通透，双轨交汇三大商圈，配套成熟
2894,内环内南北通+改善性三房+价格实惠+看房随时方便
2895,普陀区，中间楼层，精装两房，采光佳，看房方便
2896,品质小区  婚房装修  税费少 上大CBD
2897,南北通风格局好，视野宽阔，采光充足，配套齐全
2898,万科经典小三房 保养好 中间位置不考路 税费各付
2899,琉樽尚品 一手动迁税少 无遮挡 全南户型 近菜市场
2900,精装南北两房带厅，在售不多的中层，满五唯一，近地铁
2901,03年钢混结构，中间楼层，地铁口，看房方便
2902,一梯三户，房型正气，得房率高，业主诚意出售
2903,三林板块+地铁11号线 +一梯两户+ 双南户型+ 视野开阔
2904,景观位置，精装修直接入住，诚心卖房，看房方便
2905,店长推荐 精装双南两房 采光全明 中 央空调带地暖！
2906,育秀九区 首付66.5万 南面花园 全明户型 业主急售
2907,桂平小区 2室1厅 495万
2908,中间楼层，南北两房，全明户型，总价低
2909,此房满五唯一 南北户型，诚意出售 2001年商品房
2910,诚心卖双南两房 满五唯一 配套齐全 交通便利
2911,文华苑，2室一厅，精装，交通便利，飞机户型
2912,带产权车位 南北通透 户型方正 业主诚意出售
